fileName,(c)TP_difference_percent,(c)mean,(c)sd,(c)LL,(c)UL,(20%SLOC)TP_difference_percent,(20%SLOC)mean,(20%SLOC)sd,(20%SLOC)LL,(20%SLOC)UL,(10%)TP_difference_percent,(10%)mean,(10%)sd,(10%)LL,(10%)UL,(20%)TP_difference_percent,(20%)mean,(20%)sd,(20%)LL,(20%)UL,(30%)TP_difference_percent,(30%)mean,(30%)sd,(30%)LL,(30%)UL
eclipse-2.1(2.0).csv,0.2328042328042328,0.2328042328042328,0.4231786609461529,0.19047619047619047,0.2724867724867725,0.36054421768707484,0.36054421768707484,0.4817999674635136,0.272108843537415,0.42857142857142855,0.26618705035971224,0.26618705035971224,0.44276028781619564,0.20863309352517986,0.31654676258992803,0.19594594594594594,0.19594594594594594,0.3973748584270756,0.15772827449403945,0.23198198198198197,0.15456238361266295,0.15456238361266295,0.3618240536796489,0.12290502793296089,0.186219739292365
eclipse-3.0(2.1).csv,0.40325497287522605,0.40325497287522605,0.49099525708478553,0.35977003109788414,0.4412296564195298,0.5534351145038168,0.5534351145038168,0.49808794710717014,0.4847328244274809,0.6068702290076335,0.4015151515151515,0.4015151515151515,0.4906696579598965,0.35795454545454547,0.4412878787878788,0.30170316301703165,0.30170316301703165,0.4592765793461525,0.26763990267639903,0.3309002433090024,0.2637571157495256,0.2637571157495256,0.44087834481898147,0.2381404174573055,0.2893738140417457
"eclipse-3.0(2.1,2.0).csv",0.3987538940809969,0.3987538940809969,0.4900237237010109,0.3582554517133956,0.43613707165109034,0.6185185185185185,0.6185185185185185,0.4866523510764188,0.5592592592592592,0.6703703703703704,0.42123893805309737,0.42123893805309737,0.4941952638025052,0.3805309734513274,0.46017699115044247,0.311804008908686,0.311804008908686,0.4634883936924307,0.27728285077951004,0.3418708240534521,0.21948998178506376,0.21948998178506376,0.41408971939217415,0.19398907103825136,0.24225865209471767
