Dataset,c,20%SLOC,10%,20%,30%
ECLIPSE-2007,1.0,1.0,1.0,1.0,1.0
Metrics-Repo-2010,0.5964912280701754,0.6140350877192983,0.7017543859649122,0.7017543859649122,0.6666666666666666
JIRA-HA-2019,0.6666666666666666,0.7435897435897436,0.8717948717948718,0.7948717948717948,0.7948717948717948
JIRA-RA-2019,0.6666666666666666,0.8095238095238095,0.8095238095238095,0.8571428571428571,0.7142857142857143
MA-SZZ-2020,0.7024390243902439,0.5073170731707317,0.6292682926829268,0.6682926829268293,0.551219512195122
