fileName,accuracy,precision,recall,F1,AUC,ER,RI,AP,RR,Popt,ACC
eclipse-3.0(2.1).csv,0.857496902106567,0.484777517564403,0.139676113360324,0.216867469879518,0.7890004357615692,0.708600470520626,2.43171453223222,0.36571015144690094,1.0,0.44595208362192695,0.133603238866397
"eclipse-3.0(2.1,2.0).csv",0.85949861786293,0.50796812749004,0.172064777327935,0.257056451612903,0.807739194378871,0.721903928857788,2.59587963933739,0.40155155955228905,0.5,0.458702816131375,0.12280701754386
eclipse-2.1(2.0).csv,0.867990654205608,0.33284023668639096,0.284450063211125,0.306748466257669,0.777309665751859,0.691521864543671,2.2417208387256005,0.27134731287711805,1.0,0.466832109802392,0.139064475347661
