fileName,accuracy,precision,recall,F1,AUC,ER,RI,AP,RR,Popt,ACC,IL/Ins
eclipse-3.0(2.1).csv,0.8570203031169571,0.4775,0.128879892037787,0.20297555791710895,0.771853465173303,0.7041592868681759,2.3801973684210496,0.35215871468705,0.25,0.4343928855659739,0.128879892037787,0.02307887395384225
"eclipse-3.0(2.1,2.0).csv",0.8594032980650079,0.507070707070707,0.169365721997301,0.253920080930703,0.806163584503665,0.7214117507664509,2.58952684742158,0.39401385685133705,0.5,0.458841266936503,0.120782726045884,0.020324368712789982
eclipse-2.1(2.0).csv,0.8670820353063341,0.32791728212703103,0.280657395701643,0.302452316076294,0.7788334808838699,0.686890745886073,2.1937733773788204,0.272130017617195,0.2,0.469832580931932,0.146649810366625,0.017095287646796492
