relName,AvgWMC,CCMax,CDE,CIE,NTM,SDMC,WMC,AvgSLOC,NA,NAIMP,NCM,NIM,NLM,NM,NMIMP,NMNpub,Nmpub,NumPara,loc,stms,AID,CLD,DIT,DP,DPA,DPD,NMA,NMI,NMO,NOA,NOC,NOD,NOP,PII,SIX,SP,SPA,SPD,CBO,DAC,DACquote,ICP,IHICP,NIHICP,bug,bugDensity
src\java\org\apache\commons\beanutils\BeanUtils.java,3.0,17,3.4399053147933705,5.50355609181799,10,4.489303526589191,39,13.076923076923098,1,1,13,0,13,13,13,0,13,26,173,112,0,0,0,0,0,0,13,0,0,0,0,0,0,0.0,0,0,0,0,3,0,0,65,0,65,0,0.0
src\java\org\apache\commons\beanutils\ConvertUtils.java,3.51851851851852,37,5.378064659890032,5.1742907519982495,16,7.480197909693,95,10.0740740740741,9,9,27,0,27,27,27,8,19,35,283,254,0,0,0,0,0,0,27,0,0,0,0,0,0,0.0,0,0,0,0,0,9,9,0,0,0,0,0.0
src\java\org\apache\commons\beanutils\MappedPropertyDescriptor.java,3.6470588235294095,12,4.62188990334637,5.70730660147955,6,3.2165230857629,62,14.411764705882401,5,5,7,10,17,17,17,5,12,32,253,178,1,0,1,0,0,0,17,0,0,1,0,0,1,0.15740740740740694,0,0,0,0,0,5,3,0,0,0,0,0.0
src\java\org\apache\commons\beanutils\PropertyUtils.java,5.35714285714286,19,4.4841369145512,5.75353768204502,7,3.99297853124962,150,21.5,8,8,28,0,28,28,28,2,26,65,618,417,0,0,0,0,0,0,28,0,0,0,0,0,0,0.0,0,0,0,0,1,2,1,5,0,5,0,0.0
