fileName,accuracy,precision,recall,F1,AUC,ER,RI,AP,RR,Popt,ACC,IL/Ins
eclipse-3.0(2.1).csv,0.8390048613096941,0.403899721448468,0.2935222672064781,0.339976553341149,0.7650614867214058,0.650249967952827,1.85918487025363,0.34018729098706,0.33333333333333304,0.40910678170006093,0.124831309041835,0.02307887395384225
"eclipse-3.0(2.1,2.0).csv",0.835859307978267,0.404761904761905,0.34412955465587,0.3719912472647701,0.7836641166600681,0.6509949704788979,1.86528822055138,0.364427884459325,0.25,0.42935558437097,0.134952766531714,0.020324368712789982
eclipse-2.1(2.0).csv,0.8350207684319828,0.285330948121646,0.40328697850821693,0.334206390780513,0.74138246653413,0.640158432536776,1.77900078929097,0.23946532774077,0.0625,0.427786966279677,0.13653603034134,0.017095287646796492
