fileName,accuracy,precision,recall,F1,AUC,ER,RI,AP,RR,Popt,ACC,IL/Ins
eclipse-3.0(2.1).csv,0.8388142217138499,0.394763343403827,0.264507422402159,0.316767676767677,0.761059603164866,0.642155375161217,1.79450893093762,0.335039092810823,0.25,0.4138059042784029,0.12955465587044498,0.02307887395384225
"eclipse-3.0(2.1,2.0).csv",0.8398627394909921,0.4111310592459601,0.309041835357625,0.352850539291217,0.7815087896059559,0.65640168179088,1.91037512992535,0.356925464907009,0.33333333333333304,0.436405905992693,0.124156545209177,0.020324368712789982
eclipse-2.1(2.0).csv,0.8308670820353059,0.28341793570220003,0.423514538558786,0.339584389254942,0.7419828487817621,0.6377295764169799,1.76036887060651,0.232540152339542,0.027027027027027,0.439902647695615,0.14538558786346398,0.017095287646796492
