Dataset,c,20%SLOC,10%,20%,30%
Metrics-Repo-2010,0.425,0.275,0.275,0.425,0.45
JIRA-HA-2019,0.6875,0.46875,0.46875,0.59375,0.59375
JIRA-RA-2019,0.59375,0.78125,0.71875,0.625,0.625
MA-SZZ-2020,0.6041666666666666,0.6041666666666666,0.6666666666666666,0.75,0.625
