Dataset,c,20%SLOC,10%,20%,30%
ECLIPSE-2007,1.0,1.0,1.0,1.0,1.0
Metrics-Repo-2010,0.8070175438596491,0.7192982456140351,0.8070175438596491,0.8245614035087719,0.8245614035087719
JIRA-HA-2019,0.9487179487179487,0.8974358974358975,0.9743589743589743,0.9487179487179487,0.9230769230769231
JIRA-RA-2019,0.8809523809523809,0.9761904761904762,1.0,0.9523809523809523,0.8571428571428571
MA-SZZ-2020,0.7219512195121951,0.7463414634146341,0.8731707317073171,0.7219512195121951,0.6926829268292682
