Dataset,c,20%SLOC,10%,20%,30%
ECLIPSE-2007,1.0,1.0,1.0,1.0,1.0
Metrics-Repo-2010,0.8070175438596491,0.7192982456140351,0.8070175438596491,0.8245614035087719,0.8245614035087719
JIRA-HA-2019,0.9230769230769231,0.8974358974358975,0.9743589743589743,0.9487179487179487,0.9230769230769231
JIRA-RA-2019,0.8809523809523809,0.9523809523809523,1.0,0.9761904761904762,0.8809523809523809
MA-SZZ-2020,0.6536585365853659,0.7317073170731707,0.775609756097561,0.7365853658536585,0.5317073170731708
IND-JLMIV+R-2020,0.34459459459459457,0.41216216216216217,0.4391891891891892,0.4222972972972973,0.2905405405405405
