fileName,accuracy,precision,recall,F1,AUC,ER,RI,AP,RR,Popt,ACC,IL/Ins
eclipse-3.0(2.1).csv,0.8414831760556669,0.414542020774315,0.29622132253711203,0.345533254624164,0.7651531254770121,0.6592288997468051,1.9345211470602897,0.3410301620888139,0.33333333333333304,0.42529128416901096,0.143724696356275,0.02307887395384225
"eclipse-3.0(2.1,2.0).csv",0.836526546563721,0.402183039462636,0.323211875843455,0.358398802843247,0.7745264931499749,0.6487570915243189,1.84703256882761,0.35582245431479903,0.5,0.418669256746424,0.128879892037787,0.020324368712789982
eclipse-2.1(2.0).csv,0.8350207684319828,0.286476868327402,0.40707964601769897,0.336292428198433,0.742731360673189,0.6415978147997651,1.79016155953768,0.23569738770084805,0.0416666666666667,0.4329071159019529,0.146649810366625,0.017095287646796492
