fileName,accuracy,precision,recall,F1,AUC,ER,RI,AP,RR,Popt,ACC
eclipse-2.1(2.0).csv,0.832684319833852,0.29556650246305394,0.4551201011378,0.358387257341961,0.7573045744811391,0.652619851159571,1.8786906889701298,0.262678541941548,1.0,0.44818172966177894,0.141592920353982
eclipse-3.0(2.1).csv,0.8364312267657991,0.39478417266187,0.29622132253711203,0.33847340015420196,0.767730208013609,0.6421742554470711,1.79465638015903,0.33840994799424295,0.25,0.41806530876112796,0.12213225371120098
"eclipse-3.0(2.1,2.0).csv",0.8368125059574871,0.41071428571428603,0.356950067476383,0.381949458483755,0.7965087094641751,0.656053014385001,1.9074248120300799,0.372056692114435,0.5,0.45259862800067296,0.132928475033738
