fileName,(c)TP_difference_percent,(c)mean,(c)sd,(c)LL,(c)UL,(20%SLOC)TP_difference_percent,(20%SLOC)mean,(20%SLOC)sd,(20%SLOC)LL,(20%SLOC)UL,(10%)TP_difference_percent,(10%)mean,(10%)sd,(10%)LL,(10%)UL,(20%)TP_difference_percent,(20%)mean,(20%)sd,(20%)LL,(20%)UL,(30%)TP_difference_percent,(30%)mean,(30%)sd,(30%)LL,(30%)UL,IL/Ins
eclipse-3.0(2.1).csv,0.3333333333333333,0.3333333333333333,0.4718673628473342,0.2921568627450981,0.3725490196078432,0.48,0.48,0.5006020471777499,0.41600000000000004,0.544,0.3391812865497076,0.3391812865497076,0.4738935636291369,0.2982456140350877,0.3762183235867446,0.2853566958698373,0.2853566958698373,0.4518670171411568,0.2528160200250313,0.3178973717146433,0.2677543186180422,0.2677543186180422,0.4430014486237856,0.23896353166986564,0.29461345815190143,0.02307887395384225
"eclipse-3.0(2.1,2.0).csv",0.32653061224489793,0.32653061224489793,0.4693431606707922,0.2857142857142857,0.3639455782312925,0.5568181818181818,0.5568181818181818,0.4977047213259502,0.4924242424242424,0.6136363636363636,0.3415094339622641,0.3415094339622641,0.4746639293716765,0.2981132075471698,0.379245283018868,0.2743259085580305,0.2743259085580305,0.4464357244892698,0.24501758499413834,0.30363423212192264,0.20448179271708686,0.20448179271708686,0.4035108626257416,0.18020541549953314,0.2287581699346405,0.020324368712789982
eclipse-2.1(2.0).csv,0.23035230352303526,0.23035230352303526,0.4216300350004923,0.1842818428184282,0.2737127371273713,0.34532374100719426,0.34532374100719426,0.4771933375360578,0.2589928057553957,0.4172661870503597,0.21851851851851853,0.21851851851851853,0.41400845584906304,0.16666666666666666,0.26666666666666666,0.2354260089686099,0.2354260089686099,0.4247412141615252,0.19506726457399104,0.27354260089686105,0.17962962962962964,0.17962962962962964,0.38423459787954395,0.14814814814814814,0.20925925925925928,0.017095287646796492
