fileName,accuracy,precision,recall,F1,AUC,ER,RI,AP,RR,Popt,ACC
eclipse-2.1(2.0).csv,0.8302180685358259,0.28932355338223303,0.448798988621997,0.35183349851337997,0.757119778178602,0.6451241718222099,1.81788704836501,0.251144919255767,0.0769230769230769,0.44978911537018895,0.141592920353982
eclipse-3.0(2.1).csv,0.835763988180345,0.40065952184666104,0.327935222672065,0.360667903525046,0.7761406384888171,0.6474214817874461,1.8362476678092599,0.34025982871510996,0.0625,0.414137023565474,0.12145748987854302
"eclipse-3.0(2.1,2.0).csv",0.837956343532552,0.417424242424242,0.371794871794872,0.393290506780871,0.796471821775465,0.661581848480964,1.9549242424242401,0.385323100116074,1.0,0.44012087097838,0.125506072874494
