Dataset,c,20%SLOC,10%,20%,30%
Metrics-Repo-2010,0.5,0.225,0.25,0.35,0.475
JIRA-HA-2019,0.625,0.34375,0.59375,0.625,0.59375
JIRA-RA-2019,0.625,0.4375,0.75,0.71875,0.5625
MA-SZZ-2020,0.6666666666666666,0.25,0.3333333333333333,0.5,0.4583333333333333
