Dataset,c,20%SLOC,10%,20%,30%
ECLIPSE-2007,0.3333333333333333,0.0,0.6666666666666666,1.0,1.0
Metrics-Repo-2010,0.40350877192982454,0.2982456140350877,0.3684210526315789,0.47368421052631576,0.5263157894736842
JIRA-HA-2019,0.38461538461538464,0.2564102564102564,0.38461538461538464,0.48717948717948717,0.6153846153846154
JIRA-RA-2019,0.475,0.425,0.4,0.575,0.7
MA-SZZ-2020,0.2918918918918919,0.25405405405405407,0.34054054054054056,0.3783783783783784,0.3567567567567568
IND-JLMIV+R-2020,0.8108108108108109,0.668918918918919,0.8108108108108109,0.8581081081081081,0.8851351351351351
