fileName,accuracy,precision,recall,F1,AUC,ER,RI,AP,RR,Popt,ACC
eclipse-2.1(2.0).csv,0.845664589823468,0.303359683794466,0.38811630847029105,0.34054353854686603,0.739201303248264,0.661543899526791,1.9545929253509098,0.270641277408059,0.33333333333333304,0.375707460168354,0.14538558786346398
eclipse-3.0(2.1).csv,0.856543704127347,0.48578491965389403,0.265182186234818,0.34308162374508905,0.7709015755574459,0.7092047636614741,2.43884587860256,0.373166778290371,0.5,0.351531184420844,0.0937921727395412
"eclipse-3.0(2.1,2.0).csv",0.8454866075683921,0.44013781223083503,0.34480431848852905,0.386681800983731,0.77567218356692,0.6790461155690061,2.11571240763407,0.368774481581925,0.33333333333333304,0.35877787886171997,0.11470985155195698
