Dataset,c,20%SLOC,10%,20%,30%
ECLIPSE-2007,1.0,0.0,1.0,1.0,1.0
Metrics-Repo-2010,0.5263157894736842,0.2982456140350877,0.21052631578947367,0.5263157894736842,0.5964912280701754
JIRA-HA-2019,0.4358974358974359,0.15384615384615385,0.3333333333333333,0.46153846153846156,0.5128205128205128
JIRA-RA-2019,0.575,0.35,0.375,0.5,0.725
MA-SZZ-2020,0.21621621621621623,0.010810810810810811,0.10810810810810811,0.23243243243243245,0.31351351351351353
IND-JLMIV+R-2020,0.722972972972973,0.17229729729729729,0.6114864864864865,0.7635135135135135,0.7871621621621622
