fileName,(c)TP_difference_percent,(c)mean,(c)sd,(c)LL,(c)UL,(20%SLOC)TP_difference_percent,(20%SLOC)mean,(20%SLOC)sd,(20%SLOC)LL,(20%SLOC)UL,(10%)TP_difference_percent,(10%)mean,(10%)sd,(10%)LL,(10%)UL,(20%)TP_difference_percent,(20%)mean,(20%)sd,(20%)LL,(20%)UL,(30%)TP_difference_percent,(30%)mean,(30%)sd,(30%)LL,(30%)UL,IL/Ins
eclipse-3.0(2.1).csv,0.1839080459770115,0.1839080459770115,0.38852725132427096,0.1264367816091954,0.2413793103448276,0.20348837209302328,0.20348837209302328,0.4037681212904677,0.13953488372093026,0.2616279069767442,0.14794007490636704,0.14794007490636704,0.3553734765664127,0.11797752808988765,0.17790262172284646,0.128992628992629,0.128992628992629,0.3353978635633668,0.10686596013768043,0.1511056511056511,0.115267947421638,0.115267947421638,0.31950660025294564,0.09706774519716886,0.13650931140291836,0.02307887395384225
"eclipse-3.0(2.1,2.0).csv",0.013636363636363636,0.013636363636363636,0.11624040018478216,0.0,0.027272727272727268,0.012987012987012988,0.012987012987012988,0.11358754574859592,0.0,0.032467532467532464,0.019083969465648856,0.019083969465648856,0.136950957051669,0.0076335877862595426,0.03053435114503817,0.021897810218978103,0.021897810218978103,0.14643901182817096,0.012165450121654502,0.031630170316301706,0.01183431952662722,0.01183431952662722,0.1081934036892099,0.005917159763313609,0.018737672583826432,0.020324368712789982
eclipse-2.1(2.0).csv,0.031914893617021274,0.031914893617021274,0.17624288415563522,0.010638297872340424,0.058510638297872335,0.02,0.02,0.14070529413628965,0.0,0.05,0.015686274509803918,0.015686274509803918,0.1245030262725638,0.0039215686274509795,0.035294117647058816,0.0024875621890547268,0.0024875621890547268,0.04987546680538165,0.0,0.00746268656716418,0.006036217303822936,0.006036217303822936,0.07753629935662669,0.0,0.014084507042253518,0.017095287646796492
