fileName,accuracy,precision,recall,F1,AUC,ER,RI,AP,RR,Popt,ACC
eclipse-2.1(2.0).csv,0.7904984423676009,0.23570969813744397,0.46396965865992407,0.312606473594549,0.732666865757785,0.564405128727495,1.2957111434271398,0.255885721192839,0.33333333333333304,0.46107638893227504,0.14285714285714302
eclipse-3.0(2.1).csv,0.798589266990754,0.32002281802624105,0.37854251012145795,0.346831530139104,0.7158050376673859,0.5585816617961821,1.26542468550155,0.30687437648077004,1.0,0.4419060256301571,0.14507422402159198
"eclipse-3.0(2.1,2.0).csv",0.8107902011247741,0.36770120988953203,0.47165991902834004,0.4132426840082771,0.7721146749486829,0.615818668198329,1.60293751211274,0.36243194998314904,1.0,0.459124681744615,0.13562753036437197
