fileName,accuracy,precision,recall,F1,AUC,ER,RI,AP,RR,Popt,ACC
eclipse-2.1(2.0).csv,0.895508826583593,0.340909090909091,0.0189633375474083,0.0359281437125748,0.603671000037855,0.6988231221876079,2.3203080105735,0.134956509398823,1,0.446920390166415,0.15802781289507
eclipse-3.0(2.1).csv,0.863406729577733,0.687022900763359,0.0607287449392713,0.111593304401736,0.757800341808439,0.7943824865757951,3.8633989554037798,0.38269856891541293,1,0.37684747937217494,0.0978407557354926
"eclipse-3.0(2.1,2.0).csv",0.8626441711943571,0.597156398104265,0.0850202429149798,0.14884819846426503,0.7586469985255408,0.7634389567475071,3.22723871289598,0.371421010331015,1,0.384140396300725,0.101889338731444
