fileName,accuracy,precision,recall,F1,AUC,ER,RI,AP,RR,Popt,ACC
eclipse-2.1(2.0).csv,0.8319055036344759,0.27972027972028,0.40455120101137804,0.33074935400516803,0.7481371782912171,0.632940680166147,1.72435529072697,0.23406640393583397,0.0256410256410256,0.44209221783809605,0.140328697850822
eclipse-3.0(2.1).csv,0.83929082070346,0.41191709844559604,0.32186234817813797,0.36136363636363594,0.776238681096981,0.657057351944074,1.91593946004909,0.337815101420687,0.2,0.426175859895764,0.134278002699055
"eclipse-3.0(2.1,2.0).csv",0.8372891049470981,0.39964317573595004,0.302294197031039,0.34421820975797196,0.783515067928023,0.6465248274030799,1.82905300718344,0.35476402803243196,0.25,0.435339510062758,0.12483130904183501
