Dataset,c,20%SLOC,10%,20%,30%
Metrics-Repo-2010,0.175,0.1,0.075,0.175,0.25
JIRA-HA-2019,0.09375,0.5,0.03125,0.0,0.0
JIRA-RA-2019,0.09375,0.65625,0.1875,0.03125,0.03125
MA-SZZ-2020,0.125,0.16666666666666666,0.125,0.08333333333333333,0.0625
