fileName,accuracy,precision,recall,F1,AUC,ER,RI,AP,RR,Popt,ACC
eclipse-2.1(2.0).csv,0.832554517133956,0.286203941730934,0.4222503160556261,0.341164453524004,0.7473429473739269,0.6412560393232231,1.78750337180166,0.24521226961710396,0.0285714285714286,0.44637571699757,0.15044247787610598
eclipse-3.0(2.1).csv,0.8364312267657991,0.4,0.315789473684211,0.3529411764705879,0.7720240847771209,0.646840148698885,1.83157894736842,0.33458753273139397,0.25,0.427196780102664,0.12280701754386
"eclipse-3.0(2.1,2.0).csv",0.833762272423982,0.40437956204379605,0.37381916329284703,0.388499298737728,0.789365717503369,0.6506649846335539,1.86258163657318,0.367488371340063,0.5,0.4432762349013521,0.130229419703104
