fileName,(c)TP_difference_percent,(c)mean,(c)sd,(c)LL,(c)UL,(20%SLOC)TP_difference_percent,(20%SLOC)mean,(20%SLOC)sd,(20%SLOC)LL,(20%SLOC)UL,(10%)TP_difference_percent,(10%)mean,(10%)sd,(10%)LL,(10%)UL,(20%)TP_difference_percent,(20%)mean,(20%)sd,(20%)LL,(20%)UL,(30%)TP_difference_percent,(30%)mean,(30%)sd,(30%)LL,(30%)UL
eclipse-2.1(2.0).csv,0.0970873786407767,0.0970873786407767,0.2964366840909936,0.06796116504854369,0.12378640776699029,0.4634146341463415,0.4634146341463415,0.5006992311877014,0.36585365853658536,0.5365853658536586,0.20152091254752852,0.20152091254752852,0.40190097729834223,0.1520912547528517,0.24714828897338403,0.16042780748663102,0.16042780748663102,0.3674939825547444,0.12299465240641712,0.19518716577540107,0.10154525386313466,0.10154525386313466,0.30238329981181045,0.0728476821192053,0.1280353200883002
eclipse-3.0(2.1).csv,0.11070780399274047,0.11070780399274047,0.3140550732144192,0.08348457350272233,0.13793103448275862,0.225130890052356,0.225130890052356,0.4187661810086531,0.16230366492146597,0.28272251308900526,0.12072892938496584,0.12072892938496584,0.3261837127767337,0.09111617312072894,0.15261958997722094,0.12395543175487465,0.12395543175487465,0.32976041887208773,0.10027855153203342,0.14623955431754876,0.11277330264672036,0.11277330264672036,0.31649764004300196,0.09090909090909091,0.1334867663981588
"eclipse-3.0(2.1,2.0).csv",0.10215053763440861,0.10215053763440861,0.3031179071385864,0.07706093189964158,0.12724014336917563,0.13297872340425532,0.13297872340425532,0.3404584194490756,0.0851063829787234,0.18085106382978725,0.10416666666666667,0.10416666666666667,0.3058308071444208,0.0763888888888889,0.13425925925925927,0.10198300283286119,0.10198300283286119,0.30284050947449487,0.08024723930285438,0.12464589235127478,0.11086226203807391,0.11086226203807391,0.3141374339672703,0.08958566629339305,0.13195378608364247
