Dataset,c,20%SLOC,10%,20%,30%
ECLIPSE-2007,1.0,0.6666666666666666,0.6666666666666666,0.6666666666666666,0.6666666666666666
Metrics-Repo-2010,0.6666666666666666,0.5614035087719298,0.6842105263157895,0.7192982456140351,0.7017543859649122
JIRA-HA-2019,0.5128205128205128,0.7435897435897436,0.7435897435897436,0.717948717948718,0.6666666666666666
JIRA-RA-2019,0.5952380952380952,0.6666666666666666,0.6190476190476191,0.6666666666666666,0.5714285714285714
MA-SZZ-2020,0.6829268292682927,0.4926829268292683,0.5951219512195122,0.5756097560975609,0.5365853658536586
