Dataset,c,20%SLOC,10%,20%,30%
Metrics-Repo-2010,0.725,0.425,0.55,0.725,0.725
JIRA-HA-2019,0.25,0.46875,0.5,0.5625,0.5
JIRA-RA-2019,0.0,0.15625,0.25,0.28125,0.25
MA-SZZ-2020,0.625,0.3541666666666667,0.3125,0.4166666666666667,0.3958333333333333
