Dataset,Contrast,TP_difference_percent_P25,TP_difference_percent_Median,TP_difference_percent_P75,TP_difference_percent_Mean,TP_difference_percent_StdDev,TN_difference_percent_P25,TN_difference_percent_Median,TN_difference_percent_P75,TN_difference_percent_Mean,TN_difference_percent_StdDev,OR_P25,OR_Median,OR_P75,OR_Mean,OR_StdDev,mcnemarTest_p_value_less0.05,mcnemarTest_totalCount,mcnemarTest_p_value_less0.05_percent
ECLIPSE-2007,NC vs CC,0.18604651162790692,0.2317541613316261,0.2436619718309859,0.22048754826350633,0.03041525507246635,0.05687438180019784,0.0624,0.07669796366296792,0.06532411515438859,0.010230172850181005,0.9318181818181818,1.0355029585798816,1.401197604790419,1.122839581729494,0.24657661078216786,1,3,0.3333333333333333
Metrics-Repo-2010,NC vs CC,0.1724137931034483,0.25150248236216355,0.3650385604113111,0.281847534996614,0.14971521146550157,0.09523809523809523,0.1351721094439541,0.2,0.17164224375870776,0.12227955123362688,0.8636363636363636,1.0750000000000002,1.5454545454545454,1.2423109532426537,0.6566952660009666,13,54,0.24074074074074073
JIRA-HA-2019,NC vs CC,0.16417910447761194,0.2608695652173913,0.3157894736842105,0.25741554178204823,0.11858323822880355,0.06636670416197975,0.08625877632898696,0.12395199736971887,0.11178164731802079,0.08280160606701589,0.875,1.1777777777777778,1.826086956521739,1.8607244401315246,1.9387786654730848,20,37,0.5405405405405406
JIRA-RA-2019,NC vs CC,0.12389380530973453,0.2,0.28773584905660377,0.21131465941097144,0.12922235600977447,0.04318936877076412,0.07240948813982521,0.12359550561797752,0.11556601708306842,0.17048828028797894,0.9402985074626866,1.3853081902617506,2.0,1.7168632849507095,1.473815330596117,23,41,0.5609756097560976
MA-SZZ-2020,NC vs CC,0.009174311926605505,0.05131578947368421,0.112,0.07618943868592874,0.08607996401923987,0.03832752613240418,0.05798374977713252,0.08513189448441247,0.06393299458605431,0.033770879811213836,0.6470588235294118,0.9161646586345381,1.25,1.0718725819558659,0.7285305234554259,37,204,0.18137254901960784
