fileName,(c)TP_difference_percent,(c)mean,(c)sd,(c)LL,(c)UL,(20%SLOC)TP_difference_percent,(20%SLOC)mean,(20%SLOC)sd,(20%SLOC)LL,(20%SLOC)UL,(10%)TP_difference_percent,(10%)mean,(10%)sd,(10%)LL,(10%)UL,(20%)TP_difference_percent,(20%)mean,(20%)sd,(20%)LL,(20%)UL,(30%)TP_difference_percent,(30%)mean,(30%)sd,(30%)LL,(30%)UL,IL/Ins
eclipse-3.0(2.1).csv,0.3976833976833977,0.3976833976833977,0.4898924606210494,0.35135135135135137,0.43822393822393824,0.52,0.52,0.5005106881027711,0.4581818181818182,0.5709090909090909,0.3930635838150289,0.3930635838150289,0.4889019864144039,0.348747591522158,0.4354527938342968,0.3101343101343101,0.3101343101343101,0.462831042201986,0.275946275946276,0.3418803418803419,0.2976744186046512,0.2976744186046512,0.4574483781425844,0.26976744186046514,0.3246511627906977,0.02307887395384225
"eclipse-3.0(2.1,2.0).csv",0.3582608695652174,0.3582608695652174,0.4799068232544846,0.3165217391304348,0.3947826086956522,0.532258064516129,0.532258064516129,0.4999673490710463,0.4637096774193548,0.592741935483871,0.3502824858757062,0.3502824858757062,0.4775081894528758,0.3088512241054614,0.39171374764595096,0.2880184331797235,0.2880184331797235,0.4531008016472349,0.2578450971429141,0.31682027649769584,0.2150837988826816,0.2150837988826816,0.4110718860339541,0.18994413407821228,0.23743016759776536,0.020324368712789982
eclipse-2.1(2.0).csv,0.2793733681462141,0.2793733681462141,0.449278215814119,0.23237597911227156,0.3211488250652741,0.35211267605633795,0.35211267605633795,0.4793195990090604,0.2746478873239437,0.4295774647887324,0.25622775800711745,0.25622775800711745,0.43732793115647023,0.20640569395017794,0.3096085409252669,0.21700223713646533,0.21700223713646533,0.41266600952948973,0.1767337807606264,0.2527964205816555,0.15055762081784388,0.15055762081784388,0.35794996871085466,0.11895910780669144,0.18029739776951675,0.017095287646796492
