Dataset,c,20%SLOC,10%,20%,30%
ECLIPSE-2007,1.0,1.0,1.0,1.0,1.0
Metrics-Repo-2010,0.8596491228070176,0.8947368421052632,0.9122807017543859,0.8947368421052632,0.8947368421052632
JIRA-HA-2019,1.0,0.9743589743589743,1.0,1.0,0.9743589743589743
JIRA-RA-2019,0.9523809523809523,1.0,1.0,0.9523809523809523,0.9761904761904762
MA-SZZ-2020,0.624390243902439,0.7853658536585366,0.751219512195122,0.6146341463414634,0.4926829268292683
