fileName,accuracy,precision,recall,F1,AUC,ER,RI,AP,RR,Popt,ACC
eclipse-3.0(2.1).csv,0.8614050138213709,0.601449275362319,0.0560053981106613,0.102469135802469,0.7548155473256691,0.765127424194921,3.25762776506484,0.3546187951374079,0.5,0.402035670535379,0.114035087719298
"eclipse-3.0(2.1,2.0).csv",0.8617862930130591,0.556338028169014,0.106612685560054,0.178935447338618,0.77343413072158,0.7460825372923628,2.9382876204596,0.3739136635638621,0.5,0.4216316054066209,0.10863697705803
eclipse-2.1(2.0).csv,0.8968068535825551,0.46875,0.0379266750948167,0.0701754385964912,0.422788794742239,0.7809622706818969,3.56542351453856,0.186836317080132,1.0,0.484056776647819,0.14285714285714302
