fileName,(c)TP_difference_percent,(c)mean,(c)sd,(c)LL,(c)UL,(20%SLOC)TP_difference_percent,(20%SLOC)mean,(20%SLOC)sd,(20%SLOC)LL,(20%SLOC)UL,(10%)TP_difference_percent,(10%)mean,(10%)sd,(10%)LL,(10%)UL,(20%)TP_difference_percent,(20%)mean,(20%)sd,(20%)LL,(20%)UL,(30%)TP_difference_percent,(30%)mean,(30%)sd,(30%)LL,(30%)UL
eclipse-2.1(2.0).csv,0.24040920716112532,0.24040920716112532,0.4278794897645418,0.1969309462915601,0.2813299232736573,0.36054421768707484,0.36054421768707484,0.4817999674635136,0.272108843537415,0.42857142857142855,0.2518248175182482,0.2518248175182482,0.4348554034917092,0.20072992700729927,0.3029197080291971,0.23008849557522124,0.23008849557522124,0.42135563203527077,0.19247787610619468,0.2676991150442478,0.17540687160940324,0.17540687160940324,0.3806590715073153,0.1410488245931284,0.20614828209764918
eclipse-3.0(2.1).csv,0.3591682419659735,0.3591682419659735,0.4802107216330506,0.31379962192816635,0.39697542533081287,0.5111940298507462,0.5111940298507462,0.5008098980368844,0.4514366457529846,0.5634328358208955,0.3715953307392996,0.3715953307392996,0.4837017991133432,0.32684824902723736,0.41050583657587547,0.2976629766297663,0.2976629766297663,0.4575119579793347,0.2656826568265683,0.32718327183271834,0.2557915057915058,0.2557915057915058,0.4365159060083723,0.22876447876447875,0.2828185328185328
"eclipse-3.0(2.1,2.0).csv",0.41384615384615386,0.41384615384615386,0.49290088861974424,0.3769230769230769,0.4492307692307692,0.5867158671586716,0.5867158671586716,0.49333399820439894,0.5202952029520295,0.6346863468634686,0.40353982300884955,0.40353982300884955,0.4910419525958943,0.36106194690265486,0.4407079646017699,0.30011198208286677,0.30011198208286677,0.4585632524573363,0.2687569988801792,0.3292273236282195,0.22603978300180833,0.22603978300180833,0.4184544437484248,0.19981916817359854,0.25080547776079254
