fileName,(c)TP_difference_percent,(c)mean,(c)sd,(c)LL,(c)UL,(20%SLOC)TP_difference_percent,(20%SLOC)mean,(20%SLOC)sd,(20%SLOC)LL,(20%SLOC)UL,(10%)TP_difference_percent,(10%)mean,(10%)sd,(10%)LL,(10%)UL,(20%)TP_difference_percent,(20%)mean,(20%)sd,(20%)LL,(20%)UL,(30%)TP_difference_percent,(30%)mean,(30%)sd,(30%)LL,(30%)UL,IL/Ins
eclipse-3.0(2.1).csv,0.2730627306273063,0.2730627306273063,0.4463570980876823,0.22140221402214025,0.3247232472324723,0.30660377358490565,0.30660377358490565,0.4621747208495155,0.2452830188679245,0.3679245283018868,0.2558139534883721,0.2558139534883721,0.4367797015501562,0.2135306553911205,0.2917547568710359,0.15568022440392704,0.15568022440392704,0.3628064281976308,0.12903225806451613,0.18373071528751755,0.10903083700440527,0.10903083700440527,0.3118496710758656,0.0881057268722467,0.1288546255506608,0.02307887395384225
"eclipse-3.0(2.1,2.0).csv",0.1787709497206704,0.1787709497206704,0.384235192553056,0.12290502793296088,0.2346368715083799,0.13917525773195874,0.13917525773195874,0.3470248683898913,0.09278350515463918,0.1855670103092784,0.17857142857142858,0.17857142857142858,0.3834212107645766,0.14508928571428573,0.21428571428571427,0.10043668122270742,0.10043668122270742,0.3008003633545304,0.07860262008733625,0.1222707423580786,0.16427783902976847,0.16427783902976847,0.37073193219073663,0.13891951488423376,0.1868913071833436,0.020324368712789982
eclipse-2.1(2.0).csv,0.3156146179401993,0.3156146179401993,0.4655341423056639,0.26541695981401525,0.3654485049833887,0.4693877551020408,0.4693877551020408,0.5007682105235448,0.3741496598639456,0.54421768707483,0.3462897526501767,0.3462897526501767,0.4766297321415086,0.28975265017667845,0.4028268551236749,0.1462140992167102,0.1462140992167102,0.353782886817438,0.10966057441253264,0.1801566579634465,0.11827956989247312,0.11827956989247312,0.3232866763733147,0.08817204301075267,0.14838709677419354,0.017095287646796492
