fileName,accuracy,precision,recall,F1,AUC,ER,RI,AP,RR,Popt,ACC,IL/Ins
eclipse-3.0(2.1).csv,0.8622628920026691,0.7032967032967029,0.0431848852901484,0.0813731722822632,0.759056096100631,0.7991403345724909,3.9786003470214,0.380978838720355,1,0.377513338312568,0.0985155195681511,0.02307887395384225
"eclipse-3.0(2.1,2.0).csv",0.8626441711943571,0.6009852216748771,0.0823211875843455,0.144807121661721,0.758486490267867,0.7649460661831919,3.25434275343531,0.371428474892582,1,0.3841826881782979,0.101889338731444,0.020324368712789982
eclipse-2.1(2.0).csv,0.893691588785047,0.3833333333333329,0.0581542351453856,0.100987925356751,0.630788142971806,0.732154950562102,2.73350189633375,0.1684500324566,1,0.441018737994456,0.17951959544879895,0.017095287646796492
