fileName,accuracy,precision,recall,F1,AUC,ER,RI,AP,RR,Popt,ACC
eclipse-2.1(2.0).csv,0.7249480789200419,0.188847235238988,0.5094816687737039,0.275555555555555,0.6962621770339429,0.456312211889541,0.839290897953429,0.24411914619120198,0.5,0.40245879167868,0.137800252844501
eclipse-3.0(2.1).csv,0.8275664855590509,0.37054631828978596,0.315789473684211,0.340983606557377,0.7110135328758811,0.6187684682108471,1.6230778847355902,0.302512059525273,0.5,0.40303439484599896,0.128879892037787
"eclipse-3.0(2.1,2.0).csv",0.802497378705557,0.314698492462312,0.338056680161943,0.32595966167859497,0.6938912414620921,0.55111338660968,1.22773406506215,0.290888328929546,0.5,0.432522410009406,0.14777327935222698
