relName,AvgWMC,CCMax,CDE,CIE,NTM,SDMC,WMC,AvgSLOC,NA,NAIMP,NCM,NIM,NLM,NM,NMIMP,NMNpub,Nmpub,NumPara,loc,stms,AID,CLD,DIT,DP,DPA,DPD,NMA,NMI,NMO,NOA,NOC,NOD,NOP,PII,SIX,SP,SPA,SPD,CBO,DAC,DACquote,ICP,IHICP,NIHICP,bug,bugDensity,type
src/java/org/apache/commons/beanutils/BeanUtils.java,3.0,17,3.4399053147933705,5.50355609181799,10,4.489303526589191,39,13.076923076923098,1,1,13,0,13,13,13,0,13,26,173,112,0,0,0,0,0,0,13,0,0,0,0,0,0,0.0,0.0,0,0,0,3,0,0,65,0,65,0,0.0,NON
src/java/org/apache/commons/beanutils/ConvertUtils.java,3.51851851851852,37,5.378064659890032,5.1742907519982495,16,7.4801979096930005,95,10.0740740740741,9,9,27,0,27,27,27,8,19,35,283,254,0,0,0,0,0,0,27,0,0,0,0,0,0,0.0,0.0,0,0,0,0,9,9,0,0,0,0,0.0,NON
src/java/org/apache/commons/beanutils/MappedPropertyDescriptor.java,3.82352941176471,12,4.62188990334637,5.727821910360402,5,3.14802074359051,65,15.470588235294096,5,5,7,10,17,17,17,5,12,33,271,189,1,0,1,0,0,0,17,0,0,1,0,0,1,0.15740740740740694,0.0,0,0,0,0,5,3,0,0,0,0,0.0,NON
src/java/org/apache/commons/beanutils/MethodUtils.java,2.85714285714286,8,2.5654450188428597,4.63312040757444,2,2.29462548631557,20,16.2857142857143,0,0,7,0,7,7,7,1,6,22,116,56,0,0,0,0,0,0,7,0,0,0,0,0,0,0.0,0.0,0,0,0,0,0,0,0,0,0,0,0.0,NON
src/java/org/apache/commons/beanutils/PropertyUtils.java,5.3846153846153895,19,4.37456526177621,5.5798471851825795,7,4.1331392713876,140,21.5,8,8,26,0,26,26,26,0,26,60,575,389,0,0,0,0,0,0,26,0,0,0,0,0,0,0.0,0.0,0,0,0,2,2,1,10,0,10,0,0.0,NON
