relName,AvgWMC,CCMax,CDE,CIE,NTM,SDMC,WMC,AvgSLOC,NA,NAIMP,NCM,NIM,NLM,NM,NMIMP,NMNpub,Nmpub,NumPara,loc,stms,AID,CLD,DIT,DP,DPA,DPD,NMA,NMI,NMO,NOA,NOC,NOD,NOP,PII,SIX,SP,SPA,SPD,CBO,DAC,DACquote,ICP,IHICP,NIHICP,bug,bugDensity,type
src/java/org/apache/commons/beanutils/BeanUtils.java,3.2727272727272703,16,3.4809782904237503,5.62516729218346,8,4.53453233212361,36,14.4545454545455,1,1,11,0,11,11,11,0,11,21,162,108,0,0,0,0,0,0,11,0,0,0,0,0,0,0.0,0,0,0,0,2,0,0,51,0,51,0,0.0,NON
src/java/org/apache/commons/beanutils/ConvertUtils.java,3.55555555555556,37,5.23127566906434,5.091492596606701,16,7.47506141846852,96,10.148148148148099,9,9,11,16,27,27,27,8,19,35,285,256,0,0,0,0,0,0,27,0,0,0,0,0,0,0.0,0,0,0,0,0,9,9,0,0,0,0,0.0,NON
src/java/org/apache/commons/beanutils/PropertyUtils.java,4.90909090909091,12,4.40240174358939,5.544281344982389,6,2.96815049405718,108,18.6363636363636,5,5,22,0,22,22,22,2,20,49,421,290,0,0,0,0,0,0,22,0,0,0,0,0,0,0.0,0,0,0,0,0,1,1,0,0,0,0,0.0,NON
