fileName,accuracy,precision,recall,F1,AUC,ER,RI,AP,RR,Popt,ACC
eclipse-3.0(2.1).csv,0.811266800114384,0.344956413449564,0.37381916329284703,0.35880829015544,0.6975445831721141,0.590487565928093,1.44192829520876,0.31370277164986404,1.0,0.39351840894318296,0.105937921727395
"eclipse-3.0(2.1,2.0).csv",0.8175579067772379,0.368932038834951,0.41025641025641,0.388498402555911,0.7507894714372451,0.617100371747212,1.6116504854368898,0.35076456457830296,1.0,0.41264397695961,0.118758434547908
eclipse-2.1(2.0).csv,0.7579179646936659,0.21097954790096896,0.495575221238938,0.29596073990185,0.7050773538486179,0.513346499035751,1.0548501100241,0.259814032572074,0.5,0.3889238739499071,0.128950695322377
