Dataset,c,20%SLOC,10%,20%,30%
ECLIPSE-2007,1.0,0.0,0.3333333333333333,1.0,1.0
Metrics-Repo-2010,0.45614035087719296,0.2631578947368421,0.2631578947368421,0.40350877192982454,0.5087719298245614
JIRA-HA-2019,0.41025641025641024,0.15384615384615385,0.358974358974359,0.41025641025641024,0.5897435897435898
JIRA-RA-2019,0.425,0.325,0.325,0.575,0.625
MA-SZZ-2020,0.22162162162162163,0.02702702702702703,0.15135135135135136,0.21621621621621623,0.35135135135135137
IND-JLMIV+R-2020,0.8614864864864865,0.19932432432432431,0.6486486486486487,0.7567567567567568,0.8581081081081081
