fileName,accuracy,precision,recall,F1,AUC,ER,RI,AP,RR,Popt,ACC
eclipse-2.1(2.0).csv,0.832684319833852,0.27322404371584696,0.3792667509481671,0.317628374801482,0.7436895400172231,0.6242133956386291,1.66108474435763,0.23777722707556304,0.0333333333333333,0.43341644484812997,0.141592920353982
eclipse-3.0(2.1).csv,0.822228576875417,0.360116873630387,0.33265856950067496,0.34584356366187297,0.761424023569773,0.607727516080141,1.5492483949098501,0.310007492859091,0.2,0.40811635577143296,0.126180836707152
"eclipse-3.0(2.1,2.0).csv",0.849871318272805,0.460825610783488,0.36909581646423795,0.4098913450730611,0.794397422939933,0.6934546665488671,2.2621602447568,0.38410141137982895,0.5,0.451399122716029,0.12955465587044498
