fileName,accuracy,precision,recall,F1,AUC,ER,RI,AP,RR,Popt,ACC
eclipse-2.1(2.0).csv,0.8350207684319828,0.286476868327402,0.40707964601769897,0.336292428198433,0.742731360673189,0.6415978147997651,1.7901615595376799,0.23569738770084803,0.0416666666666667,0.4329071159019529,0.146649810366625
eclipse-3.0(2.1).csv,0.8414831760556669,0.414542020774315,0.29622132253711203,0.345533254624164,0.7651531254770121,0.6592288997468051,1.9345211470602899,0.3410301620888139,0.33333333333333304,0.42529128416901096,0.143724696356275
"eclipse-3.0(2.1,2.0).csv",0.836526546563721,0.40218303946263595,0.323211875843455,0.358398802843247,0.7745264931499749,0.6487570915243189,1.84703256882761,0.35582245431479903,0.5,0.41866925674642397,0.128879892037787
