fileName,accuracy,precision,recall,F1,AUC,ER,RI,AP,RR,Popt,ACC
eclipse-2.1(2.0).csv,0.868509865005192,0.33232628398791497,0.278128950695322,0.302821748107364,0.7593181318181931,0.69104479373171,2.23671516035765,0.281399495048726,1,0.46717073283831895,0.144121365360303
eclipse-3.0(2.1).csv,0.863120770183967,0.5688622754491021,0.12820512820512803,0.20925110132158603,0.7488405281927549,0.7516728624535319,3.0269461077844304,0.35621956970237106,1,0.425214921875894,0.12145748987854302
"eclipse-3.0(2.1,2.0).csv",0.8656944047278621,0.575569358178054,0.187584345479082,0.28295165394402,0.7965730475851929,0.7545666069374979,3.07442519341833,0.422788409692391,1,0.45121178222351394,0.118758434547908
