Dataset,c,20%SLOC,10%,20%,30%
ECLIPSE-2007,1.0,1.0,1.0,1.0,1.0
Metrics-Repo-2010,0.7543859649122807,0.8421052631578947,0.8421052631578947,0.8771929824561403,0.8421052631578947
JIRA-HA-2019,0.9743589743589743,0.9743589743589743,0.9487179487179487,0.9487179487179487,0.8461538461538461
JIRA-RA-2019,0.9047619047619048,0.9285714285714286,1.0,0.9523809523809523,0.9047619047619048
MA-SZZ-2020,0.2682926829268293,0.7463414634146341,0.6292682926829268,0.375609756097561,0.1902439024390244
