Dataset,c,20%SLOC,10%,20%,30%
Metrics-Repo-2010,0.725,0.425,0.725,0.725,0.75
JIRA-HA-2019,0.84375,0.8125,0.90625,0.84375,0.84375
JIRA-RA-2019,0.8125,0.875,0.875,0.90625,0.78125
MA-SZZ-2020,0.6875,0.5208333333333334,0.6458333333333334,0.7291666666666666,0.7708333333333334
