Dataset,c,20%SLOC,10%,20%,30%
ECLIPSE-2007,1.0,1.0,1.0,1.0,1.0
Metrics-Repo-2010,0.8070175438596491,0.9122807017543859,0.8421052631578947,0.8421052631578947,0.9122807017543859
JIRA-HA-2019,0.9487179487179487,0.9487179487179487,1.0,0.9487179487179487,0.8717948717948718
JIRA-RA-2019,0.9761904761904762,1.0,1.0,1.0,0.9285714285714286
MA-SZZ-2020,0.09268292682926829,0.7268292682926829,0.5658536585365853,0.2731707317073171,0.11219512195121951
IND-JLMIV+R-2020,0.24324324324324326,0.5675675675675675,0.35135135135135137,0.14527027027027026,0.08108108108108109
