fileName,accuracy,precision,recall,F1,AUC,ER,RI,AP,RR,Popt,ACC
eclipse-3.0(2.1).csv,0.8029739776951671,0.330827067669173,0.385964912280702,0.356275303643725,0.7332853081840941,0.572997634335924,1.34190740007915,0.33058043884821803,1.0,0.4314653393429671,0.12955465587044498
"eclipse-3.0(2.1,2.0).csv",0.81250595748737,0.373235755358076,0.481781376518219,0.42061855670103104,0.776140413792236,0.621515520706424,1.6421162681927,0.3704329402581379,1.0,0.463645459620098,0.13697705802969
eclipse-2.1(2.0).csv,0.7884215991692629,0.235331230283912,0.471554993678887,0.313973063973064,0.733214579687622,0.563704589934827,1.29202502921271,0.2562223784469549,0.25,0.4679573436324721,0.147914032869785
