fileName,accuracy,precision,recall,F1,AUC,ER,RI,AP,RR,Popt,ACC
eclipse-2.1(2.0).csv,0.647066458982347,0.162937062937063,0.589127686472819,0.2552725280745,0.6865414891930279,0.369855244920425,0.586936956848461,0.23119806505004897,0.33333333333333304,0.41368342624181204,0.160556257901391
eclipse-3.0(2.1).csv,0.838432942522162,0.395690499510284,0.272604588394062,0.32281262485018,0.708041471199366,0.642993853288675,1.80107222021754,0.31201703669793396,1.0,0.417244526605563,0.13562753036437197
"eclipse-3.0(2.1,2.0).csv",0.802878657897245,0.318463444857497,0.346828609986505,0.33204134366925103,0.695174708332603,0.556420233463035,1.25438596491228,0.294028703959498,1.0,0.42840156081476005,0.143049932523617
