Dataset,c,20%SLOC,10%,20%,30%
Metrics-Repo-2010,0.95,0.8,0.775,0.9,0.95
JIRA-HA-2019,0.3125,0.59375,0.59375,0.8125,0.84375
JIRA-RA-2019,0.3125,0.5625,0.6875,0.75,0.71875
MA-SZZ-2020,0.625,0.4791666666666667,0.5,0.7083333333333334,0.7291666666666666
