Dataset,c,20%SLOC,10%,20%,30%
ECLIPSE-2007,1.0,1.0,1.0,1.0,1.0
Metrics-Repo-2010,0.6140350877192983,0.7543859649122807,0.7368421052631579,0.7543859649122807,0.7543859649122807
JIRA-HA-2019,0.6666666666666666,0.7692307692307693,0.8717948717948718,0.8974358974358975,0.8461538461538461
JIRA-RA-2019,0.7142857142857143,0.7619047619047619,0.7857142857142857,0.8809523809523809,0.9047619047619048
MA-SZZ-2020,0.5804878048780487,0.6487804878048781,0.6,0.45365853658536587,0.34146341463414637
