Dataset,c,20%SLOC,10%,20%,30%
ECLIPSE-2007,0.3333333333333333,1.0,0.6666666666666666,0.6666666666666666,0.6666666666666666
Metrics-Repo-2010,0.6491228070175439,0.543859649122807,0.5789473684210527,0.5964912280701754,0.631578947368421
JIRA-HA-2019,0.6410256410256411,0.6410256410256411,0.717948717948718,0.6923076923076923,0.6153846153846154
JIRA-RA-2019,0.6666666666666666,0.5714285714285714,0.6904761904761905,0.6666666666666666,0.7380952380952381
MA-SZZ-2020,0.6097560975609756,0.3804878048780488,0.5317073170731708,0.45365853658536587,0.4146341463414634
