fileName,(c)TP_difference_percent,(c)mean,(c)sd,(c)LL,(c)UL,(20%SLOC)TP_difference_percent,(20%SLOC)mean,(20%SLOC)sd,(20%SLOC)LL,(20%SLOC)UL,(10%)TP_difference_percent,(10%)mean,(10%)sd,(10%)LL,(10%)UL,(20%)TP_difference_percent,(20%)mean,(20%)sd,(20%)LL,(20%)UL,(30%)TP_difference_percent,(30%)mean,(30%)sd,(30%)LL,(30%)UL
eclipse-2.1(2.0).csv,0.25824175824175827,0.25824175824175827,0.438270061293378,0.21153846153846154,0.30494505494505497,0.3945578231292517,0.3945578231292517,0.4904264726319762,0.30612244897959184,0.46938775510204084,0.25274725274725274,0.25274725274725274,0.4353853919924732,0.19413919413919414,0.30036630036630035,0.1939252336448598,0.1939252336448598,0.3958337053179697,0.15654205607476634,0.22897196261682243,0.15947467166979362,0.15947467166979362,0.3664620858335968,0.1294559099437148,0.19136960600375236
eclipse-3.0(2.1).csv,0.36101083032490977,0.36101083032490977,0.48072773708844896,0.3176895306859206,0.3971119133574007,0.4881889763779528,0.4881889763779528,0.5008473725886835,0.421259842519685,0.547244094488189,0.3667334669338677,0.3667334669338677,0.48239649315541144,0.32665330661322645,0.41082164328657317,0.30359355638166047,0.30359355638166047,0.4600943622689577,0.2701363073110285,0.3345724907063197,0.27464114832535885,0.27464114832535885,0.44654698005172555,0.24688995215311005,0.3024641953767706
"eclipse-3.0(2.1,2.0).csv",0.38958990536277605,0.38958990536277605,0.48804231127173825,0.34858044164037855,0.4274447949526814,0.5833333333333334,0.5833333333333334,0.49394303433294107,0.5227272727272727,0.6401515151515151,0.3955479452054795,0.3955479452054795,0.4893872400948355,0.351027397260274,0.4332191780821918,0.287317620650954,0.287317620650954,0.45276514872795476,0.2570145903479237,0.3153759820426487,0.21272727272727274,0.21272727272727274,0.4094224812297467,0.18818181818181817,0.23636363636363636
