fileName,(c)TP_difference_percent,(c)mean,(c)sd,(c)LL,(c)UL,(20%SLOC)TP_difference_percent,(20%SLOC)mean,(20%SLOC)sd,(20%SLOC)LL,(20%SLOC)UL,(10%)TP_difference_percent,(10%)mean,(10%)sd,(10%)LL,(10%)UL,(20%)TP_difference_percent,(20%)mean,(20%)sd,(20%)LL,(20%)UL,(30%)TP_difference_percent,(30%)mean,(30%)sd,(30%)LL,(30%)UL
eclipse-2.1(2.0).csv,0.14316239316239315,0.14316239316239315,0.35061316634672157,0.10897435897435898,0.1752136752136752,0.611764705882353,0.611764705882353,0.4887883255043243,0.5294117647058824,0.6764705882352942,0.3489208633093525,0.3489208633093525,0.4774884513279861,0.29136690647482016,0.4028776978417266,0.15300546448087432,0.15300546448087432,0.36048557050927865,0.11748633879781421,0.1912568306010929,0.04640371229698376,0.04640371229698376,0.2106022689980263,0.027842227378190254,0.06496519721577726
eclipse-3.0(2.1).csv,0.2901960784313726,0.2901960784313726,0.45429835447262623,0.24901960784313726,0.32941176470588235,0.33191489361702126,0.33191489361702126,0.4719057484932695,0.2723404255319149,0.39148936170212767,0.3091286307053942,0.3091286307053942,0.4626144495688481,0.26556016597510373,0.34854771784232363,0.20355191256830601,0.20355191256830601,0.40291476497506806,0.17486338797814208,0.23087431693989072,0.10850111856823266,0.10850111856823266,0.31118635022702457,0.08801475674193658,0.12863534675615212
"eclipse-3.0(2.1,2.0).csv",0.07765151515151515,0.07765151515151515,0.26787620650047506,0.056818181818181816,0.10037878787878787,0.11790393013100436,0.11790393013100436,0.32320078142861175,0.07860262008733625,0.1615720524017467,0.08542713567839195,0.08542713567839195,0.27986807519559886,0.06030150753768844,0.11557788944723618,0.03470031545741325,0.03470031545741325,0.18316418907056642,0.02050473186119874,0.050473186119873815,0.04245283018867924,0.04245283018867924,0.20173889314489868,0.0294811320754717,0.05660377358490566
