fileName,(c)TP_difference_percent,(c)mean,(c)sd,(c)LL,(c)UL,(20%SLOC)TP_difference_percent,(20%SLOC)mean,(20%SLOC)sd,(20%SLOC)LL,(20%SLOC)UL,(10%)TP_difference_percent,(10%)mean,(10%)sd,(10%)LL,(10%)UL,(20%)TP_difference_percent,(20%)mean,(20%)sd,(20%)LL,(20%)UL,(30%)TP_difference_percent,(30%)mean,(30%)sd,(30%)LL,(30%)UL
eclipse-2.1(2.0).csv,0.031914893617021274,0.031914893617021274,0.17624288415563522,0.010638297872340425,0.05851063829787234,0.02,0.02,0.14070529413628965,0.0,0.05,0.01568627450980392,0.01568627450980392,0.1245030262725638,0.00392156862745098,0.03529411764705882,0.0024875621890547263,0.0024875621890547263,0.04987546680538165,0.0,0.007462686567164179,0.006036217303822937,0.006036217303822937,0.07753629935662669,0.0,0.014084507042253521
eclipse-3.0(2.1).csv,0.1839080459770115,0.1839080459770115,0.388527251324271,0.12643678160919541,0.2413793103448276,0.20348837209302326,0.20348837209302326,0.40376812129046774,0.13953488372093023,0.2616279069767442,0.14794007490636704,0.14794007490636704,0.3553734765664127,0.11797752808988764,0.17790262172284643,0.128992628992629,0.128992628992629,0.3353978635633668,0.10686596013768045,0.1511056511056511,0.11526794742163801,0.11526794742163801,0.31950660025294564,0.09706774519716886,0.13650931140291836
"eclipse-3.0(2.1,2.0).csv",0.013636363636363636,0.013636363636363636,0.11624040018478214,0.0,0.02727272727272727,0.012987012987012988,0.012987012987012988,0.11358754574859593,0.0,0.032467532467532464,0.019083969465648856,0.019083969465648856,0.13695095705166901,0.007633587786259542,0.030534351145038167,0.021897810218978103,0.021897810218978103,0.14643901182817096,0.012165450121654502,0.031630170316301706,0.011834319526627219,0.011834319526627219,0.1081934036892099,0.005917159763313609,0.01873767258382643
