fileName,accuracy,precision,recall,F1,AUC,ER,RI,AP,RR,Popt,ACC,IL/Ins
eclipse-3.0(2.1).csv,0.83929082070346,0.411917098445596,0.321862348178138,0.361363636363636,0.776238681096981,0.657057351944074,1.91593946004909,0.337815101420687,0.2,0.426175859895764,0.134278002699055,0.02307887395384225
"eclipse-3.0(2.1,2.0).csv",0.8372891049470981,0.3996431757359501,0.302294197031039,0.344218209757972,0.783515067928023,0.6465248274030799,1.82905300718344,0.354764028032432,0.25,0.435339510062758,0.124831309041835,0.020324368712789982
eclipse-2.1(2.0).csv,0.8319055036344759,0.27972027972028,0.4045512010113781,0.33074935400516803,0.7481371782912171,0.632940680166147,1.72435529072697,0.234066403935834,0.0256410256410256,0.4420922178380961,0.140328697850822,0.017095287646796492
