Dataset,c,20%SLOC,10%,20%,30%
Metrics-Repo-2010,0.6,0.575,0.675,0.725,0.725
JIRA-HA-2019,0.65625,0.78125,0.78125,0.875,0.9375
JIRA-RA-2019,0.53125,0.625,0.84375,0.65625,0.6875
MA-SZZ-2020,0.4791666666666667,0.3125,0.375,0.5208333333333334,0.5833333333333334
