Dataset,c,20%SLOC,10%,20%,30%
ECLIPSE-2007,1.0,1.0,1.0,1.0,1.0
Metrics-Repo-2010,0.6491228070175439,0.6842105263157895,0.7017543859649122,0.6666666666666666,0.7719298245614035
JIRA-HA-2019,0.717948717948718,0.8717948717948718,0.8461538461538461,0.9743589743589743,0.8717948717948718
JIRA-RA-2019,0.7619047619047619,0.8571428571428571,0.8809523809523809,0.8333333333333334,0.7857142857142857
MA-SZZ-2020,0.45365853658536587,0.6487804878048781,0.5317073170731708,0.3804878048780488,0.23414634146341465
