Dataset,c,20%SLOC,10%,20%,30%
ECLIPSE-2007,1.0,1.0,1.0,1.0,1.0
Metrics-Repo-2010,0.7719298245614035,0.7894736842105263,0.8245614035087719,0.8070175438596491,0.8596491228070176
JIRA-HA-2019,1.0,0.9743589743589743,0.9487179487179487,0.9230769230769231,0.8461538461538461
JIRA-RA-2019,0.9285714285714286,0.9523809523809523,0.9285714285714286,0.9761904761904762,0.8809523809523809
MA-SZZ-2020,0.2097560975609756,0.7268292682926829,0.5756097560975609,0.3121951219512195,0.13658536585365855
