Dataset,c,20%SLOC,10%,20%,30%
ECLIPSE-2007,1.0,1.0,1.0,1.0,1.0
Metrics-Repo-2010,0.7719298245614035,0.7719298245614035,0.8245614035087719,0.8421052631578947,0.7894736842105263
JIRA-HA-2019,0.8717948717948718,0.9230769230769231,0.8461538461538461,0.8205128205128205,0.7435897435897436
JIRA-RA-2019,0.9047619047619048,0.7857142857142857,0.8571428571428571,0.7857142857142857,0.7857142857142857
MA-SZZ-2020,0.5756097560975609,0.5804878048780487,0.7024390243902439,0.5853658536585366,0.4195121951219512
