Dataset,Contrast,TP_difference_percent_P25,TP_difference_percent_Median,TP_difference_percent_P75,TP_difference_percent_Mean,TP_difference_percent_StdDev,TN_difference_percent_P25,TN_difference_percent_Median,TN_difference_percent_P75,TN_difference_percent_Mean,TN_difference_percent_StdDev,OR_P25,OR_Median,OR_P75,OR_Mean,OR_StdDev,mcnemarTest_p_value_less0.05,mcnemarTest_totalCount,mcnemarTest_p_value_less0.05_percent
ECLIPSE-2007,NC vs CC,0.18604651162790692,0.2317541613316261,0.2436619718309859,0.22048754826350633,0.03041525507246635,0.05687438180019784,0.0624,0.07669796366296792,0.06532411515438859,0.010230172850181005,0.9318181818181818,1.0355029585798816,1.401197604790419,1.122839581729494,0.24657661078216786,1,3,0.3333333333333333
Metrics-Repo-2010,NC vs CC,0.18,0.26666666666666666,0.3928571428571429,0.28910555814394207,0.1510136063939444,0.0932642487046632,0.13398058252427186,0.2,0.16975452785988912,0.12117322973763556,0.8636363636363636,1.0833333333333333,1.5454545454545454,1.2463041566605044,0.6494568304953277,13,57,0.22807017543859648
JIRA-HA-2019,NC vs CC,0.16666666666666666,0.25365853658536586,0.31343283582089554,0.25460445699215883,0.11636096227900149,0.06636670416197975,0.08625877632898696,0.12312892322549493,0.10995094276725616,0.08109626124764159,0.875,1.1769230769230772,1.68,1.8090279189156904,1.9014699502329204,21,39,0.5384615384615384
JIRA-RA-2019,NC vs CC,0.11171662125340599,0.19523809523809524,0.28773584905660377,0.2081881199011864,0.12923505442806602,0.03785103785103785,0.07151453754093193,0.12359550561797752,0.11339125739926662,0.1689850971084614,0.9402985074626866,1.4,2.0,1.7091349121470334,1.4561171572289555,23,42,0.5476190476190477
MA-SZZ-2020,NC vs CC,0.009174311926605505,0.05,0.112,0.07581778288746081,0.08603344755543904,0.03832752613240418,0.05797101449275361,0.08513189448441247,0.0638858266412027,0.03369477496139166,0.6470588235294118,0.9166666666666666,1.25,1.0788390571658368,0.7335557165039294,37,205,0.18048780487804877
