fileName,accuracy,precision,recall,F1,AUC,ER,RI,AP,RR,Popt,ACC,IL/Ins
eclipse-3.0(2.1).csv,0.8547326279668291,0.450934579439252,0.130229419703104,0.202094240837696,0.736295006537922,0.6867307433018089,2.19214215445155,0.31756878175637104,1,0.403009433036056,0.12213225371120097,0.02307887395384225
"eclipse-3.0(2.1,2.0).csv",0.8619769326089028,0.5502958579881659,0.125506072874494,0.204395604395604,0.745604635280749,0.7432945596994041,2.89551541575833,0.35405326143704496,1,0.3962485439275379,0.115384615384615,0.020324368712789982
eclipse-2.1(2.0).csv,0.893821391484943,0.3714285714285711,0.0493046776232617,0.0870535714285714,0.651308121911794,0.723570173336529,2.61755463247246,0.183340004261718,1,0.447346678826492,0.15549936788874802,0.017095287646796492
