Dataset,c,20%SLOC,10%,20%,30%
Metrics-Repo-2010,0.8,0.575,0.65,0.75,0.725
JIRA-HA-2019,0.34375,0.53125,0.5,0.5,0.4375
JIRA-RA-2019,0.375,0.1875,0.15625,0.1875,0.28125
MA-SZZ-2020,0.5,0.5625,0.6666666666666666,0.7291666666666666,0.6041666666666666
