fileName,(c)TP_difference_percent,(c)mean,(c)sd,(c)LL,(c)UL,(20%SLOC)TP_difference_percent,(20%SLOC)mean,(20%SLOC)sd,(20%SLOC)LL,(20%SLOC)UL,(10%)TP_difference_percent,(10%)mean,(10%)sd,(10%)LL,(10%)UL,(20%)TP_difference_percent,(20%)mean,(20%)sd,(20%)LL,(20%)UL,(30%)TP_difference_percent,(30%)mean,(30%)sd,(30%)LL,(30%)UL,IL/Ins
eclipse-3.0(2.1).csv,0.022727272727272728,0.022727272727272728,0.14922122346635655,0.010101010101010102,0.03787878787878788,0.313953488372093,0.313953488372093,0.4654527546699722,0.2407682411817409,0.3779069767441861,0.04573804573804574,0.04573804573804574,0.20913394329234616,0.027027027027027032,0.06444906444906445,0.01756756756756757,0.01756756756756757,0.1314621717464758,0.008108108108108109,0.02567567567567568,0.01912858660998937,0.01912858660998937,0.13704978688853076,0.010626992561105207,0.02763018065887354,0.02307887395384225
"eclipse-3.0(2.1,2.0).csv",0.009689922480620157,0.009689922480620157,0.09805437749937576,0.0019379844961240308,0.017441860465116282,0.4485981308411215,0.4485981308411215,0.4985169528681641,0.37850467289719625,0.5093457943925234,0.008421052631578947,0.008421052631578947,0.09147543293208976,0.0021052631578947372,0.016842105263157894,0.006839945280437756,0.006839945280437756,0.08247706425556248,0.001367989056087551,0.013679890560875513,0.006369426751592357,0.006369426751592357,0.07959637445410765,0.002123142250530785,0.01167728237791932,0.020324368712789982
eclipse-2.1(2.0).csv,0.019169329073482427,0.019169329073482427,0.1373394636914256,0.006389776357827476,0.03514376996805112,0.21487603305785125,0.21487603305785125,0.41244416935806655,0.14049586776859505,0.2809917355371901,0.011904761904761904,0.011904761904761904,0.10867337872803158,0.0,0.027777777777777776,0.01015228426395939,0.01015228426395939,0.10037323303948817,0.0025380710659898475,0.02030456852791878,0.00816326530612245,0.00816326530612245,0.0900732142419504,0.0020408163265306124,0.0163265306122449,0.017095287646796492
