fileName,accuracy,precision,recall,F1,AUC,ER,RI,AP,RR,Popt,ACC
eclipse-2.1(2.0).csv,0.827751817237799,0.284565916398714,0.447534766118837,0.347911547911548,0.753836420617232,0.6391910285067262,1.77154970914752,0.24386572334465897,0.027027027027027,0.45316647685124395,0.15044247787610598
eclipse-3.0(2.1).csv,0.836240587169955,0.396672504378284,0.305668016194332,0.345274390243902,0.76664859357167,0.6438776598800229,1.80802378099364,0.335537655856139,1.0,0.42603742255162896,0.136302294197031
"eclipse-3.0(2.1,2.0).csv",0.838623582118006,0.420377358490566,0.37584345479082304,0.39686498040612705,0.7932890321554291,0.6639592079181489,1.97582919563059,0.3734001315763029,1.0,0.442801202209791,0.136302294197031
