fileName,(c)TP_difference_percent,(c)mean,(c)sd,(c)LL,(c)UL,(20%SLOC)TP_difference_percent,(20%SLOC)mean,(20%SLOC)sd,(20%SLOC)LL,(20%SLOC)UL,(10%)TP_difference_percent,(10%)mean,(10%)sd,(10%)LL,(10%)UL,(20%)TP_difference_percent,(20%)mean,(20%)sd,(20%)LL,(20%)UL,(30%)TP_difference_percent,(30%)mean,(30%)sd,(30%)LL,(30%)UL
eclipse-2.1(2.0).csv,0.2691292875989446,0.2691292875989446,0.4440935499690289,0.22427440633245382,0.31398416886543534,0.323943661971831,0.323943661971831,0.4696353765150557,0.24647887323943662,0.4014084507042254,0.291970802919708,0.291970802919708,0.45550091481081806,0.2385287967982375,0.3467153284671533,0.21788990825688073,0.21788990825688073,0.41328640459100724,0.17889908256880735,0.25688073394495414,0.16635514018691588,0.16635514018691588,0.3727476491795051,0.13457943925233645,0.19439252336448598
eclipse-3.0(2.1).csv,0.3977485928705441,0.3977485928705441,0.48989276544775984,0.3545966228893058,0.4371482176360225,0.5127272727272727,0.5127272727272727,0.5007492726979225,0.44727272727272727,0.5636363636363636,0.38649155722326456,0.38649155722326456,0.4874028517275977,0.3433395872420263,0.425891181988743,0.29901960784313725,0.29901960784313725,0.45810923187239655,0.2659313725490196,0.32965686274509803,0.24495677233429394,0.24495677233429394,0.4302682784017467,0.21709894332372717,0.27185398655139287
"eclipse-3.0(2.1,2.0).csv",0.3309982486865149,0.3309982486865149,0.47098502788109475,0.29167472215391466,0.36952714535901926,0.5179282868525896,0.5179282868525896,0.5006768327341035,0.450199203187251,0.5737051792828686,0.35551330798479086,0.35551330798479086,0.47912422369081087,0.30988593155893535,0.39543726235741444,0.28319623971797886,0.28319623971797886,0.4508158698443198,0.25146886016451236,0.3125734430082256,0.2079021636876764,0.2079021636876764,0.4059974370066323,0.18344308560677328,0.23142050799623706
