fileName,accuracy,precision,recall,F1,AUC,ER,RI,AP,RR,Popt,ACC
eclipse-2.1(2.0).csv,0.83346313603323,0.28534031413612604,0.413400758533502,0.337635518843573,0.749029705114112,0.640170243981442,1.77909201024616,0.24185941797931002,0.027027027027027,0.43165996932807793,0.13527180783818
eclipse-3.0(2.1).csv,0.8330950338385279,0.38984438984439,0.321187584345479,0.35220125786163503,0.7630517256023329,0.6376401861859989,1.7596879175826499,0.32255081742985997,0.125,0.41759920711825294,0.13765182186234803
"eclipse-3.0(2.1,2.0).csv",0.841101896863979,0.422852376980817,0.34210526315789497,0.378217083177919,0.787042954047003,0.665926105159734,1.9933497212589397,0.37617863310716293,0.33333333333333304,0.441942876702358,0.136302294197031
