fileName,(c)TP_difference_percent,(c)mean,(c)sd,(c)LL,(c)UL,(20%SLOC)TP_difference_percent,(20%SLOC)mean,(20%SLOC)sd,(20%SLOC)LL,(20%SLOC)UL,(10%)TP_difference_percent,(10%)mean,(10%)sd,(10%)LL,(10%)UL,(20%)TP_difference_percent,(20%)mean,(20%)sd,(20%)LL,(20%)UL,(30%)TP_difference_percent,(30%)mean,(30%)sd,(30%)LL,(30%)UL
eclipse-2.1(2.0).csv,0.08602150537634409,0.08602150537634409,0.28077343998971427,0.056451612903225805,0.11290322580645161,0.26,0.26,0.4408440022768081,0.17,0.33,0.12781954887218044,0.12781954887218044,0.3345181572100263,0.09022556390977443,0.16917293233082706,0.10649350649350649,0.10649350649350649,0.30886960501226546,0.07532467532467532,0.13766233766233765,0.059548254620123205,0.059548254620123205,0.2368913062555435,0.039014373716632446,0.08213552361396304
eclipse-3.0(2.1).csv,0.1921921921921922,0.1921921921921922,0.39431943731664226,0.16216216216216217,0.22372372372372373,0.36160714285714285,0.36160714285714285,0.48154190607153896,0.29464285714285715,0.41964285714285715,0.2237093690248566,0.2237093690248566,0.41712848848792594,0.18738049713193117,0.25812619502868067,0.1520912547528517,0.1520912547528517,0.3593371107674417,0.1267427122940431,0.17743979721166034,0.10678642714570859,0.10678642714570859,0.3089957506528005,0.08782435129740519,0.12574850299401197
"eclipse-3.0(2.1,2.0).csv",0.13402061855670103,0.13402061855670103,0.3409256091300253,0.10834772943879552,0.16053019145802652,0.3791469194312796,0.3791469194312796,0.486328550739389,0.3118935217968048,0.44549763033175355,0.1781609195402299,0.1781609195402299,0.3830151981337766,0.14367816091954022,0.210727969348659,0.11196911196911197,0.11196911196911197,0.3155315578403429,0.09009009009009009,0.13256113256113256,0.07708119218910586,0.07708119218910586,0.26685739819810655,0.06063720452209661,0.09558067831449127
