fileName,accuracy,precision,recall,F1,AUC,ER,RI,AP,RR,Popt,ACC
eclipse-3.0(2.1).csv,0.8560671051377371,0.485355648535565,0.313090418353576,0.3806398687448729,0.7822662792298419,0.708947570824253,2.4358070909491296,0.397425682855809,0.5,0.3701150743669001,0.101889338731444
"eclipse-3.0(2.1,2.0).csv",0.8554951863502049,0.481400437636761,0.296896086369771,0.36727879799666097,0.7823200191621241,0.7065562690098008,2.4078083611655,0.401144802638901,1.0,0.364911099791398,0.097165991902834
eclipse-2.1(2.0).csv,0.872014537902388,0.35159817351598205,0.292035398230089,0.31906077348066303,0.742623738086308,0.7079793259699799,2.42441508061583,0.29698378419421995,1.0,0.37780272774158,0.123893805309735
