Dataset,c,20%SLOC,10%,20%,30%
ECLIPSE-2007,1.0,1.0,0.6666666666666666,1.0,1.0
Metrics-Repo-2010,0.5087719298245614,0.2631578947368421,0.3684210526315789,0.5614035087719298,0.5087719298245614
JIRA-HA-2019,0.20512820512820512,0.4358974358974359,0.2564102564102564,0.07692307692307693,0.07692307692307693
JIRA-RA-2019,0.2857142857142857,0.7142857142857143,0.21428571428571427,0.21428571428571427,0.14285714285714285
MA-SZZ-2020,0.3463414634146341,0.11219512195121951,0.12195121951219512,0.22439024390243903,0.14146341463414633
