Dataset,c,20%SLOC,10%,20%,30%
Metrics-Repo-2010,0.35,0.1,0.25,0.35,0.3
JIRA-HA-2019,0.65625,0.34375,0.5,0.5,0.5625
JIRA-RA-2019,0.75,0.5,0.53125,0.5,0.40625
MA-SZZ-2020,0.3125,0.1875,0.5,0.3333333333333333,0.2916666666666667
