Dataset,c,20%SLOC,10%,20%,30%
ECLIPSE-2007,1.0,1.0,1.0,1.0,1.0
Metrics-Repo-2010,0.8596491228070176,0.6491228070175439,0.7719298245614035,0.8245614035087719,0.8245614035087719
JIRA-HA-2019,0.9230769230769231,0.9230769230769231,0.9487179487179487,0.9230769230769231,0.9487179487179487
JIRA-RA-2019,0.8333333333333334,0.7857142857142857,0.9523809523809523,0.7857142857142857,0.8095238095238095
MA-SZZ-2020,0.7121951219512195,0.6634146341463415,0.8,0.7073170731707317,0.6048780487804878
