Dataset,c,20%SLOC,10%,20%,30%
ECLIPSE-2007,1.0,1.0,1.0,1.0,1.0
Metrics-Repo-2010,0.8596491228070176,0.6491228070175439,0.7719298245614035,0.8245614035087719,0.8245614035087719
JIRA-HA-2019,0.8974358974358975,0.9230769230769231,0.9743589743589743,0.9487179487179487,0.8974358974358975
JIRA-RA-2019,0.8571428571428571,0.8095238095238095,0.9285714285714286,0.8095238095238095,0.8095238095238095
MA-SZZ-2020,0.6195121951219512,0.526829268292683,0.7317073170731707,0.6390243902439025,0.5902439024390244
IND-JLMIV+R-2020,0.35135135135135137,0.40202702702702703,0.46283783783783783,0.3885135135135135,0.2939189189189189
