fileName,accuracy,precision,recall,F1,AUC,ER,RI,AP,RR,Popt,ACC,IL/Ins
eclipse-3.0(2.1).csv,0.8364312267657991,0.39478417266187,0.29622132253711203,0.338473400154202,0.767730208013609,0.6421742554470711,1.79465638015903,0.3384099479942429,0.25,0.418065308761128,0.12213225371120097,0.02307887395384225
"eclipse-3.0(2.1,2.0).csv",0.8368125059574871,0.410714285714286,0.356950067476383,0.381949458483755,0.7965087094641751,0.656053014385001,1.90742481203008,0.372056692114435,0.5,0.452598628000673,0.132928475033738,0.020324368712789982
eclipse-2.1(2.0).csv,0.832684319833852,0.29556650246305394,0.4551201011378,0.358387257341961,0.7573045744811391,0.652619851159571,1.8786906889701296,0.262678541941548,1.0,0.4481817296617789,0.141592920353982,0.017095287646796492
