fileName,(c)TP_difference_percent,(c)mean,(c)sd,(c)LL,(c)UL,(20%SLOC)TP_difference_percent,(20%SLOC)mean,(20%SLOC)sd,(20%SLOC)LL,(20%SLOC)UL,(10%)TP_difference_percent,(10%)mean,(10%)sd,(10%)LL,(10%)UL,(20%)TP_difference_percent,(20%)mean,(20%)sd,(20%)LL,(20%)UL,(30%)TP_difference_percent,(30%)mean,(30%)sd,(30%)LL,(30%)UL,IL/Ins
eclipse-3.0(2.1).csv,0.13918629550321202,0.13918629550321202,0.3463262740341385,0.11670235546038545,0.16167023554603854,0.6938775510204082,0.6938775510204082,0.4616670327399355,0.6360544217687075,0.7414672064497306,0.41989881956155145,0.41989881956155145,0.4939587634767665,0.3760539629005059,0.4569983136593592,0.052356020942408384,0.052356020942408384,0.22288986978510852,0.03664921465968586,0.0693717277486911,0.03161222339304531,0.03161222339304531,0.17505765565669368,0.02107481559536354,0.043203371970495265,0.01838701496322597
"eclipse-3.0(2.1,2.0).csv",0.03344120819848975,0.03344120819848975,0.179882738820423,0.021574973031283712,0.044228694714131614,0.7484472049689441,0.7484472049689441,0.4345808436471409,0.6956521739130435,0.7919254658385093,0.4496268656716418,0.4496268656716418,0.4979207709619988,0.40671641791044777,0.4906716417910448,0.03038309114927345,0.03038309114927345,0.17175251707360792,0.018494055482166448,0.043593130779392336,0.02286902286902287,0.02286902286902287,0.14956364382946766,0.013513513513513514,0.032224532224532226,0.015397249024840895
eclipse-2.1(2.0).csv,0.04132231404958678,0.04132231404958678,0.19924055458184012,0.02479338842975207,0.05991735537190083,0.6666666666666666,0.6666666666666666,0.4727418412673544,0.588666636709516,0.7288135593220338,0.3862815884476534,0.3862815884476534,0.4877776802480741,0.3249097472924188,0.4404332129963899,0.03553299492385787,0.03553299492385787,0.18535804065177366,0.01776649746192894,0.05583756345177665,0.014056224899598391,0.014056224899598391,0.11784113052609275,0.004016064257028112,0.026104417670682733,0.011892374015162776
