fileName,(c)TP_difference_percent,(c)mean,(c)sd,(c)LL,(c)UL,(20%SLOC)TP_difference_percent,(20%SLOC)mean,(20%SLOC)sd,(20%SLOC)LL,(20%SLOC)UL,(10%)TP_difference_percent,(10%)mean,(10%)sd,(10%)LL,(10%)UL,(20%)TP_difference_percent,(20%)mean,(20%)sd,(20%)LL,(20%)UL,(30%)TP_difference_percent,(30%)mean,(30%)sd,(30%)LL,(30%)UL,IL/Ins
eclipse-3.0(2.1).csv,0.4032549728752261,0.4032549728752261,0.4909952570847855,0.3597700310978841,0.4412296564195298,0.5534351145038168,0.5534351145038168,0.4980879471071701,0.4847328244274809,0.6068702290076335,0.4015151515151515,0.4015151515151515,0.4906696579598965,0.3579545454545455,0.4412878787878788,0.30170316301703165,0.30170316301703165,0.4592765793461525,0.26763990267639903,0.3309002433090024,0.2637571157495256,0.2637571157495256,0.4408783448189815,0.2381404174573055,0.2893738140417457,0.02307887395384225
"eclipse-3.0(2.1,2.0).csv",0.3987538940809969,0.3987538940809969,0.4900237237010109,0.3582554517133956,0.4361370716510904,0.6185185185185185,0.6185185185185185,0.4866523510764188,0.5592592592592592,0.6703703703703704,0.42123893805309737,0.42123893805309737,0.4941952638025052,0.3805309734513274,0.4601769911504425,0.31180400890868604,0.31180400890868604,0.4634883936924307,0.27728285077951004,0.3418708240534521,0.21948998178506374,0.21948998178506374,0.41408971939217415,0.19398907103825136,0.2422586520947177,0.020324368712789982
eclipse-2.1(2.0).csv,0.2328042328042328,0.2328042328042328,0.4231786609461529,0.19047619047619047,0.2724867724867725,0.3605442176870749,0.3605442176870749,0.4817999674635136,0.272108843537415,0.42857142857142855,0.26618705035971224,0.26618705035971224,0.4427602878161957,0.20863309352517986,0.31654676258992803,0.19594594594594594,0.19594594594594594,0.3973748584270756,0.15772827449403945,0.231981981981982,0.15456238361266295,0.15456238361266295,0.3618240536796489,0.12290502793296088,0.186219739292365,0.017095287646796492
