fileName,accuracy,precision,recall,F1,AUC,ER,RI,AP,RR,Popt,ACC
eclipse-2.1(2.0).csv,0.834241952232606,0.286091549295775,0.410872313527181,0.337311883757135,0.7484400211185319,0.641115105040339,1.78640871779349,0.24392749866798497,0.0909090909090909,0.44146495861700197,0.141592920353982
eclipse-3.0(2.1).csv,0.836240587169955,0.38930581613508397,0.28002699055330604,0.32574568288854,0.766839735463217,0.6371388901330229,1.75587538264047,0.333512548858343,0.5,0.43223439025951793,0.143049932523617
"eclipse-3.0(2.1,2.0).csv",0.840053379086836,0.41373239436619696,0.31713900134952805,0.35905271199388794,0.7819875431211459,0.6585620501463261,1.9287898443291298,0.3618997285104699,0.5,0.424947699360961,0.12280701754386
