fileName,accuracy,precision,recall,F1,AUC,ER,RI,AP,RR,Popt,ACC
eclipse-3.0(2.1).csv,0.8602611762463058,0.518018018018018,0.155195681511471,0.23883696780893,0.6840769816478321,0.7272991756909649,2.66702228544334,0.312919810497659,0.33333333333333304,0.418960809686605,0.12280701754386
"eclipse-3.0(2.1,2.0).csv",0.85854541988371,0.4969325153374229,0.109311740890688,0.17920353982300896,0.6667266606537859,0.7157281196934229,2.51775912173071,0.30170758051567,0.33333333333333304,0.426370677008668,0.12145748987854303
eclipse-2.1(2.0).csv,0.8564382139148492,0.304832713754647,0.310998735777497,0.307884856070088,0.6799678247783589,0.6631794063267739,1.9689396040022704,0.260330014350918,0.5,0.39968407477306106,0.13653603034134
