fileName,accuracy,precision,recall,F1,AUC,ER,RI,MCC,AP,RR,Popt,ACC
eclipse-3.0(2.1).csv,0.8301743023145061,0.3954480796586061,0.373404969778375,0.384110535405872,0.769326298888855,0.641361184792522,1.78832061003069,0.28587053860578004,0.3612517645489911,1.0,0.401595787676299,0.124916051040967
"eclipse-3.0(2.1,2.0).csv",0.81607772168778,0.3686087990487511,0.416386836803224,0.391043834752444,0.771729568444583,0.615247842344432,1.59907574292333,0.28392691525968,0.377777494368077,1.0,0.38979935977651,0.114842175957018
eclipse-2.1(2.0).csv,0.789174525255135,0.229922279792746,0.444862155388471,0.303159692570453,0.720187874265817,0.5516421614560121,1.23036136325269,0.20820609919576605,0.259649894272125,0.33333333333333304,0.36749961551394894,0.109022556390977
