Dataset,Contrast,TP_difference_percent_P25,TP_difference_percent_Median,TP_difference_percent_P75,TP_difference_percent_Mean,TP_difference_percent_StdDev,TN_difference_percent_P25,TN_difference_percent_Median,TN_difference_percent_P75,TN_difference_percent_Mean,TN_difference_percent_StdDev,OR_P25,OR_Median,OR_P75,OR_Mean,OR_StdDev,mcnemarTest_p_value_less0.05,mcnemarTest_totalCount,mcnemarTest_p_value_less0.05_percent
Metrics-Repo-2010,NC vs CC,0.2,0.25,0.3375,0.25807887498883064,0.1015884226707286,0.08955223880597014,0.16987179487179488,0.22137404580152675,0.1708088260262257,0.09452934712769484,0.631578947368421,0.9642857142857143,1.173913043478261,0.9479986197397263,0.4096844565597781,5,40,0.125
JIRA-HA-2019,NC vs CC,0.15555555555555556,0.29753314314482293,0.40540540540540543,0.2872730559401744,0.16644384301730636,0.04020100502512563,0.07395733510651012,0.14630159378831226,0.12418995690250917,0.11974226669724446,0.3249211356466877,0.5848484848484848,0.859375,0.6242895459426828,0.40171838627359185,16,32,0.5
JIRA-RA-2019,NC vs CC,0.06451612903225806,0.11647286821705426,0.13821138211382114,0.12031489521568242,0.07793028911166441,0.031914893617021274,0.04755799575346447,0.09735973597359736,0.07309758926049362,0.07137486367906175,0.9454545454545454,1.229967948717949,1.5897435897435896,1.311860014475465,0.5021722522268338,10,32,0.3125
MA-SZZ-2020,NC vs CC,0.21428571428571427,0.31666666666666665,0.5316455696202531,0.36785707177842086,0.2271377035133477,0.05788423153692615,0.09874036254867075,0.14829396325459318,0.11950199240863513,0.0772395242311767,0.72,0.9173497267759563,1.35,0.9861214123199025,0.31670771090522615,9,48,0.1875
