Dataset,c,20%SLOC,10%,20%,30%
ECLIPSE-2007,1.0,1.0,1.0,1.0,1.0
Metrics-Repo-2010,0.7368421052631579,0.5789473684210527,0.6666666666666666,0.7017543859649122,0.7192982456140351
JIRA-HA-2019,0.5384615384615384,0.9743589743589743,0.48717948717948717,0.41025641025641024,0.3333333333333333
JIRA-RA-2019,0.5714285714285714,0.9047619047619048,0.5476190476190477,0.38095238095238093,0.3333333333333333
MA-SZZ-2020,0.4634146341463415,0.4195121951219512,0.5219512195121951,0.40487804878048783,0.2731707317073171
