fileName,accuracy,precision,recall,F1,AUC,ER,RI,AP,RR,Popt,ACC
eclipse-2.1(2.0).csv,0.832684319833852,0.28644939965694705,0.4222503160556261,0.34133878385283595,0.743983513353522,0.6415634463160911,1.78989402649446,0.24201139201239,0.1,0.44154013658295793,0.15423514538558802
eclipse-3.0(2.1).csv,0.841673815651511,0.41129831516352794,0.28002699055330604,0.333199518265757,0.761939215380511,0.6565414072647471,1.91155912576287,0.333800082134104,1.0,0.414177956523704,0.132928475033738
"eclipse-3.0(2.1,2.0).csv",0.8388142217138499,0.409680207433016,0.31983805668016196,0.359226979916635,0.78196979209125,0.655184854046084,1.9001046263021397,0.36653531378883203,1.0,0.43133483757499896,0.12145748987854302
