fileName,(c)TP_difference_percent,(c)mean,(c)sd,(c)LL,(c)UL,(20%SLOC)TP_difference_percent,(20%SLOC)mean,(20%SLOC)sd,(20%SLOC)LL,(20%SLOC)UL,(10%)TP_difference_percent,(10%)mean,(10%)sd,(10%)LL,(10%)UL,(20%)TP_difference_percent,(20%)mean,(20%)sd,(20%)LL,(20%)UL,(30%)TP_difference_percent,(30%)mean,(30%)sd,(30%)LL,(30%)UL,IL/Ins
eclipse-3.0(2.1).csv,0.26956521739130435,0.26956521739130435,0.44470173764682974,0.2130434782608696,0.32608695652173914,0.28,0.28,0.45,0.2222222222222222,0.3377777777777778,0.2192622950819672,0.2192622950819672,0.414171284653188,0.1844011688314551,0.2561475409836065,0.2272727272727273,0.2272727272727273,0.4193278541518362,0.19837310174474745,0.25552825552825553,0.1907459867799811,0.1907459867799811,0.3930748720994944,0.16619452313503305,0.2152974504249292,0.02307887395384225
"eclipse-3.0(2.1,2.0).csv",0.11194029850746268,0.11194029850746268,0.31588287217217986,0.07462686567164177,0.14925373134328354,0.15384615384615385,0.15384615384615385,0.3617299170795645,0.10256410256410256,0.20512820512820512,0.06597938144329897,0.06597938144329897,0.24850237287813345,0.04536082474226804,0.09072164948453608,0.07598039215686274,0.07598039215686274,0.26512924429318985,0.05759803921568628,0.0931372549019608,0.05938697318007662,0.05938697318007662,0.2364608166219955,0.045019157088122604,0.07471264367816093,0.020324368712789982
eclipse-2.1(2.0).csv,0.07327586206896551,0.07327586206896551,0.2611522117142344,0.03879310344827586,0.10775862068965517,0.10084033613445377,0.10084033613445377,0.3023904195189312,0.050420168067226885,0.15966386554621848,0.0648854961832061,0.0648854961832061,0.24679514023734755,0.03816793893129771,0.09923664122137403,0.05518763796909492,0.05518763796909492,0.2285986021584319,0.03532008830022075,0.07505518763796909,0.029143897996357013,0.029143897996357013,0.16836318945110942,0.016393442622950817,0.04371584699453552,0.017095287646796492
