Dataset,c,20%SLOC,10%,20%,30%
Metrics-Repo-2010,0.45,0.125,0.225,0.225,0.4
JIRA-HA-2019,0.5625,0.5,0.625,0.59375,0.5625
JIRA-RA-2019,0.625,0.59375,0.53125,0.625,0.5625
MA-SZZ-2020,0.75,0.7708333333333334,0.7291666666666666,0.7291666666666666,0.6666666666666666
