fileName,accuracy,precision,recall,F1,AUC,ER,RI,AP,RR,Popt,ACC,IL/Ins
eclipse-3.0(2.1).csv,0.83833762272424,0.39591439688716,0.274628879892038,0.324302788844622,0.7635907727000841,0.643195747284967,1.8026571779643703,0.317178616241651,0.0714285714285714,0.41777268022346703,0.119433198380567,0.02307887395384225
"eclipse-3.0(2.1,2.0).csv",0.832999714040606,0.398496240601504,0.35762483130904205,0.376955903271693,0.7919440358711609,0.64550747001473,1.8209339137317,0.3676391089514121,0.5,0.44375081120113297,0.139676113360324,0.020324368712789982
eclipse-2.1(2.0).csv,0.832943925233645,0.285467128027682,0.417193426042984,0.338983050847458,0.751565830916778,0.640330092199251,1.7803271230407802,0.24513042605676505,0.0526315789473684,0.446251249376998,0.140328697850822,0.017095287646796492
