fileName,(c)TP_difference_percent,(c)mean,(c)sd,(c)LL,(c)UL,(20%SLOC)TP_difference_percent,(20%SLOC)mean,(20%SLOC)sd,(20%SLOC)LL,(20%SLOC)UL,(10%)TP_difference_percent,(10%)mean,(10%)sd,(10%)LL,(10%)UL,(20%)TP_difference_percent,(20%)mean,(20%)sd,(20%)LL,(20%)UL,(30%)TP_difference_percent,(30%)mean,(30%)sd,(30%)LL,(30%)UL,IL/Ins
eclipse-3.0(2.1).csv,0.21705426356589147,0.21705426356589147,0.4125598076363961,0.18294573643410847,0.24651162790697675,0.3172690763052209,0.3172690763052209,0.4663505490122882,0.2610441767068273,0.3734939759036144,0.25942350332594233,0.25942350332594233,0.4388050696325818,0.21729490022172948,0.29933481152993346,0.20196353436185133,0.20196353436185133,0.4017469769641712,0.17251051893408134,0.23281907433380086,0.1703056768558952,0.1703056768558952,0.3761064760449218,0.14519650655021835,0.1943231441048035,0.01838701496322597
"eclipse-3.0(2.1,2.0).csv",0.1387434554973822,0.1387434554973822,0.34590507284479194,0.11518324607329845,0.16361256544502614,0.2532751091703057,0.2532751091703057,0.4358398007040308,0.20087336244541484,0.3129246148353805,0.2332695984703633,0.2332695984703633,0.4233172885605818,0.1950286806883365,0.2676864244741874,0.1251564455569462,0.1251564455569462,0.3311034854854797,0.10262828535669588,0.15018773466833546,0.104251012145749,0.104251012145749,0.3057406602270904,0.08502024291497975,0.12246963562753035,0.015397249024840895
eclipse-2.1(2.0).csv,0.14536340852130325,0.14536340852130325,0.3529093806050018,0.11027568922305764,0.18045112781954886,0.21428571428571427,0.21428571428571427,0.4119639373953573,0.14285714285714285,0.2857135099124406,0.2248995983935743,0.2248995983935743,0.4183571098122791,0.17269076305220885,0.27710843373493976,0.15736040609137056,0.15736040609137056,0.3646032205751599,0.1218274111675127,0.19320474875129565,0.11067193675889328,0.11067193675889328,0.3140359175443547,0.08300395256916998,0.13636363636363635,0.011892374015162776
