Dataset,c,20%SLOC,10%,20%,30%
ECLIPSE-2007,1.0,1.0,1.0,1.0,1.0
Metrics-Repo-2010,0.7894736842105263,0.7543859649122807,0.8947368421052632,0.8245614035087719,0.7894736842105263
JIRA-HA-2019,0.9487179487179487,0.8717948717948718,0.8974358974358975,0.9487179487179487,0.8974358974358975
JIRA-RA-2019,0.7857142857142857,0.8333333333333334,0.8333333333333334,0.7619047619047619,0.7857142857142857
MA-SZZ-2020,0.7121951219512195,0.7951219512195122,0.7853658536585366,0.7121951219512195,0.6341463414634146
