fileName,(c)TP_difference_percent,(c)mean,(c)sd,(c)LL,(c)UL,(20%SLOC)TP_difference_percent,(20%SLOC)mean,(20%SLOC)sd,(20%SLOC)LL,(20%SLOC)UL,(10%)TP_difference_percent,(10%)mean,(10%)sd,(10%)LL,(10%)UL,(20%)TP_difference_percent,(20%)mean,(20%)sd,(20%)LL,(20%)UL,(30%)TP_difference_percent,(30%)mean,(30%)sd,(30%)LL,(30%)UL,IL/Ins
eclipse-3.0(2.1).csv,0.3591682419659735,0.3591682419659735,0.4802107216330506,0.31379962192816635,0.3969754253308129,0.5111940298507462,0.5111940298507462,0.5008098980368844,0.4514366457529846,0.5634328358208955,0.3715953307392996,0.3715953307392996,0.4837017991133432,0.32684824902723736,0.41050583657587547,0.2976629766297663,0.2976629766297663,0.4575119579793347,0.2656826568265683,0.32718327183271834,0.2557915057915058,0.2557915057915058,0.4365159060083723,0.22876447876447875,0.2828185328185328,0.02307887395384225
"eclipse-3.0(2.1,2.0).csv",0.41384615384615386,0.41384615384615386,0.4929008886197442,0.3769230769230769,0.4492307692307692,0.5867158671586716,0.5867158671586716,0.4933339982043989,0.5202952029520295,0.6346863468634686,0.4035398230088496,0.4035398230088496,0.4910419525958943,0.3610619469026549,0.4407079646017699,0.3001119820828668,0.3001119820828668,0.4585632524573363,0.2687569988801792,0.3292273236282195,0.22603978300180835,0.22603978300180835,0.4184544437484248,0.19981916817359852,0.2508054777607925,0.020324368712789982
eclipse-2.1(2.0).csv,0.2404092071611253,0.2404092071611253,0.4278794897645418,0.1969309462915601,0.2813299232736573,0.3605442176870749,0.3605442176870749,0.4817999674635136,0.272108843537415,0.42857142857142855,0.2518248175182482,0.2518248175182482,0.4348554034917092,0.20072992700729927,0.3029197080291971,0.23008849557522126,0.23008849557522126,0.4213556320352708,0.19247787610619468,0.2676991150442478,0.17540687160940324,0.17540687160940324,0.3806590715073153,0.1410488245931284,0.2061482820976492,0.017095287646796492
