fileName,(c)TP_difference_percent,(c)mean,(c)sd,(c)LL,(c)UL,(20%SLOC)TP_difference_percent,(20%SLOC)mean,(20%SLOC)sd,(20%SLOC)LL,(20%SLOC)UL,(10%)TP_difference_percent,(10%)mean,(10%)sd,(10%)LL,(10%)UL,(20%)TP_difference_percent,(20%)mean,(20%)sd,(20%)LL,(20%)UL,(30%)TP_difference_percent,(30%)mean,(30%)sd,(30%)LL,(30%)UL
eclipse-2.1(2.0).csv,0.14536340852130325,0.14536340852130325,0.3529093806050018,0.11027568922305764,0.18045112781954886,0.21428571428571427,0.21428571428571427,0.41196393739535725,0.14285714285714285,0.2857135099124406,0.2248995983935743,0.2248995983935743,0.4183571098122791,0.17269076305220885,0.27710843373493976,0.15736040609137056,0.15736040609137056,0.36460322057515987,0.1218274111675127,0.19320474875129565,0.11067193675889328,0.11067193675889328,0.31403591754435467,0.08300395256916997,0.13636363636363635
eclipse-3.0(2.1).csv,0.21705426356589147,0.21705426356589147,0.4125598076363961,0.18294573643410852,0.24651162790697675,0.3172690763052209,0.3172690763052209,0.46635054901228823,0.26104417670682734,0.37349397590361444,0.25942350332594233,0.25942350332594233,0.4388050696325818,0.21729490022172948,0.29933481152993346,0.20196353436185133,0.20196353436185133,0.40174697696417117,0.17251051893408134,0.23281907433380084,0.1703056768558952,0.1703056768558952,0.3761064760449218,0.14519650655021835,0.1943231441048035
"eclipse-3.0(2.1,2.0).csv",0.1387434554973822,0.1387434554973822,0.34590507284479194,0.11518324607329843,0.16361256544502617,0.25327510917030566,0.25327510917030566,0.4358398007040308,0.20087336244541484,0.3129246148353805,0.2332695984703633,0.2332695984703633,0.4233172885605818,0.1950286806883365,0.2676864244741874,0.1251564455569462,0.1251564455569462,0.33110348548547974,0.10262828535669587,0.15018773466833543,0.10425101214574899,0.10425101214574899,0.3057406602270904,0.08502024291497975,0.12246963562753037
