fileName,accuracy,precision,recall,F1,AUC,ER,RI,AP,RR,Popt,ACC
eclipse-3.0(2.1).csv,0.8231817748546371,0.376897689768977,0.3852901484480429,0.381047714381048,0.7421843788240551,0.625192872349429,1.66803890915407,0.348059907256002,1.0,0.38577845434355,0.12213225371120097
"eclipse-3.0(2.1,2.0).csv",0.806977409207893,0.35535428875865704,0.450067476383266,0.3971420065495681,0.771900763803598,0.6024701403944871,1.51553430726523,0.36193464705191297,0.33333333333333304,0.3938467148826121,0.120782726045884
eclipse-2.1(2.0).csv,0.78816199376947,0.231652839821315,0.458912768647282,0.307888040712468,0.7177206761368449,0.5567767021675261,1.25619908721038,0.27042333636271104,0.33333333333333304,0.373338555181538,0.121365360303413
