Dataset,Contrast,TP_difference_percent_P25,TP_difference_percent_Median,TP_difference_percent_P75,TP_difference_percent_Mean,TP_difference_percent_StdDev,TN_difference_percent_P25,TN_difference_percent_Median,TN_difference_percent_P75,TN_difference_percent_Mean,TN_difference_percent_StdDev,OR_P25,OR_Median,OR_P75,OR_Mean,OR_StdDev,mcnemarTest_p_value_less0.05,mcnemarTest_totalCount,mcnemarTest_p_value_less0.05_percent
ECLIPSE-2007,NC vs CC,0.18604651162790692,0.2317541613316261,0.2436619718309859,0.22048754826350633,0.03041525507246635,0.05687438180019784,0.0624,0.07669796366296792,0.06532411515438859,0.010230172850181005,0.9318181818181818,1.0355029585798816,1.401197604790419,1.122839581729494,0.24657661078216786,1,3,0.3333333333333333
Metrics-Repo-2010,NC vs CC,0.20967741935483872,0.2727272727272727,0.3928571428571429,0.29658818450069147,0.14753740156440154,0.09523809523809523,0.13398058252427186,0.17857142857142858,0.1674101037647509,0.11945653568308895,0.8636363636363636,1.0666666666666669,1.4166666666666667,1.2085074246949121,0.6140446686277561,13,55,0.23636363636363636
JIRA-HA-2019,NC vs CC,0.16666666666666666,0.25365853658536586,0.31343283582089554,0.25460445699215883,0.11636096227900149,0.06636670416197975,0.08625877632898696,0.12312892322549493,0.10995094276725616,0.08109626124764158,0.875,1.1769230769230772,1.68,1.8090279189156904,1.90146995023292,21,39,0.5384615384615384
JIRA-RA-2019,NC vs CC,0.12389380530973453,0.2,0.28773584905660377,0.21233672677450213,0.12797777483555672,0.04318936877076412,0.07240948813982521,0.12359550561797752,0.11566655669839063,0.1704317835229229,0.9402985074626866,1.4058823529411764,2.0,1.7232918563792807,1.4718068413214962,23,41,0.5609756097560976
MA-SZZ-2020,NC vs CC,0.009174311926605505,0.05,0.112,0.07581778288746081,0.08603344755543904,0.03832752613240418,0.05797101449275361,0.08513189448441247,0.0638858266412027,0.03369477496139166,0.6470588235294118,0.9166666666666666,1.25,1.078839057165837,0.7335557165039294,37,205,0.18048780487804877
