Dataset,c,20%SLOC,10%,20%,30%
Metrics-Repo-2010,0.875,0.75,0.725,0.825,0.9
JIRA-HA-2019,0.9375,0.9375,0.9375,0.84375,0.8125
JIRA-RA-2019,0.8125,0.9375,0.9375,0.875,0.84375
MA-SZZ-2020,0.7291666666666666,0.7916666666666666,0.9375,0.7916666666666666,0.7708333333333334
