Dataset,c,20%SLOC,10%,20%,30%
Metrics-Repo-2010,0.475,0.225,0.25,0.5,0.5
JIRA-HA-2019,0.125,0.1875,0.375,0.5,0.40625
JIRA-RA-2019,0.28125,0.28125,0.4375,0.40625,0.40625
MA-SZZ-2020,0.0625,0.16666666666666666,0.1875,0.2916666666666667,0.14583333333333334
