Dataset,c,20%SLOC,10%,20%,30%
ECLIPSE-2007,1.0,0.6666666666666666,1.0,1.0,1.0
Metrics-Repo-2010,0.5964912280701754,0.5789473684210527,0.6666666666666666,0.5964912280701754,0.6842105263157895
JIRA-HA-2019,0.7435897435897436,0.6153846153846154,0.6923076923076923,0.6923076923076923,0.6410256410256411
JIRA-RA-2019,0.5476190476190477,0.5714285714285714,0.6190476190476191,0.6190476190476191,0.6190476190476191
MA-SZZ-2020,0.5951219512195122,0.5707317073170731,0.5951219512195122,0.624390243902439,0.5414634146341464
