Dataset,c,20%SLOC,10%,20%,30%
ECLIPSE-2007,0.3333333333333333,0.3333333333333333,0.6666666666666666,0.3333333333333333,0.6666666666666666
Metrics-Repo-2010,0.5789473684210527,0.5614035087719298,0.6491228070175439,0.6842105263157895,0.6842105263157895
JIRA-HA-2019,0.6923076923076923,0.6666666666666666,0.6923076923076923,0.7435897435897436,0.6410256410256411
JIRA-RA-2019,0.8095238095238095,0.6190476190476191,0.6666666666666666,0.6666666666666666,0.5952380952380952
MA-SZZ-2020,0.3951219512195122,0.34146341463414637,0.4292682926829268,0.375609756097561,0.28780487804878047
IND-JLMIV+R-2020,0.28378378378378377,0.20608108108108109,0.26013513513513514,0.23648648648648649,0.23648648648648649
