Dataset,c,20%SLOC,10%,20%,30%
Metrics-Repo-2010,0.575,0.35,0.525,0.65,0.675
JIRA-HA-2019,0.15625,0.5625,0.78125,0.78125,0.6875
JIRA-RA-2019,0.59375,0.75,0.875,0.8125,0.78125
MA-SZZ-2020,0.1875,0.10416666666666667,0.375,0.4375,0.6041666666666666
