Dataset,c,20%SLOC,10%,20%,30%
Metrics-Repo-2010,0.625,0.55,0.525,0.675,0.625
JIRA-HA-2019,0.75,0.84375,0.84375,0.8125,0.78125
JIRA-RA-2019,0.875,0.84375,0.90625,0.875,0.625
MA-SZZ-2020,0.6041666666666666,0.3541666666666667,0.625,0.6458333333333334,0.4791666666666667
