fileName,(c)TP_difference_percent,(c)mean,(c)sd,(c)LL,(c)UL,(20%SLOC)TP_difference_percent,(20%SLOC)mean,(20%SLOC)sd,(20%SLOC)LL,(20%SLOC)UL,(10%)TP_difference_percent,(10%)mean,(10%)sd,(10%)LL,(10%)UL,(20%)TP_difference_percent,(20%)mean,(20%)sd,(20%)LL,(20%)UL,(30%)TP_difference_percent,(30%)mean,(30%)sd,(30%)LL,(30%)UL
eclipse-2.1(2.0).csv,0.23035230352303523,0.23035230352303523,0.4216300350004923,0.1842818428184282,0.27371273712737126,0.34532374100719426,0.34532374100719426,0.4771933375360578,0.2589928057553957,0.4172661870503597,0.21851851851851853,0.21851851851851853,0.41400845584906304,0.16666666666666666,0.26666666666666666,0.23542600896860988,0.23542600896860988,0.4247412141615252,0.19506726457399104,0.273542600896861,0.17962962962962964,0.17962962962962964,0.384234597879544,0.14814814814814814,0.20925925925925926
eclipse-3.0(2.1).csv,0.3333333333333333,0.3333333333333333,0.4718673628473342,0.29215686274509806,0.37254901960784315,0.48,0.48,0.5006020471777499,0.416,0.544,0.3391812865497076,0.3391812865497076,0.47389356362913687,0.2982456140350877,0.3762183235867446,0.2853566958698373,0.2853566958698373,0.4518670171411568,0.2528160200250313,0.31789737171464333,0.2677543186180422,0.2677543186180422,0.4430014486237856,0.23896353166986564,0.29461345815190143
"eclipse-3.0(2.1,2.0).csv",0.32653061224489793,0.32653061224489793,0.4693431606707922,0.2857142857142857,0.36394557823129253,0.5568181818181818,0.5568181818181818,0.49770472132595023,0.49242424242424243,0.6136363636363636,0.34150943396226413,0.34150943396226413,0.4746639293716765,0.2981132075471698,0.37924528301886795,0.27432590855803046,0.27432590855803046,0.4464357244892698,0.24501758499413834,0.30363423212192264,0.20448179271708683,0.20448179271708683,0.4035108626257416,0.18020541549953314,0.22875816993464052
