fileName,accuracy,precision,recall,F1,AUC,ER,RI,AP,RR,Popt,ACC
eclipse-2.1(2.0).csv,0.78816199376947,0.231652839821315,0.45891276864728203,0.307888040712468,0.7177206761368449,0.5567767021675261,1.2561990872103799,0.27042333636271104,0.33333333333333304,0.37333855518153797,0.12136536030341301
eclipse-3.0(2.1).csv,0.8231817748546371,0.37689768976897703,0.38529014844804294,0.381047714381048,0.7421843788240551,0.625192872349429,1.66803890915407,0.348059907256002,1.0,0.38577845434354996,0.12213225371120098
"eclipse-3.0(2.1,2.0).csv",0.806977409207893,0.35535428875865704,0.450067476383266,0.39714200654956805,0.771900763803598,0.6024701403944871,1.51553430726523,0.36193464705191297,0.33333333333333304,0.3938467148826121,0.12078272604588401
