fileName,(c)TP_difference_percent,(c)mean,(c)sd,(c)LL,(c)UL,(20%SLOC)TP_difference_percent,(20%SLOC)mean,(20%SLOC)sd,(20%SLOC)LL,(20%SLOC)UL,(10%)TP_difference_percent,(10%)mean,(10%)sd,(10%)LL,(10%)UL,(20%)TP_difference_percent,(20%)mean,(20%)sd,(20%)LL,(20%)UL,(30%)TP_difference_percent,(30%)mean,(30%)sd,(30%)LL,(30%)UL
eclipse-2.1(2.0).csv,0.24802110817941952,0.24802110817941952,0.43243501463376943,0.20580474934036938,0.2928759894459103,0.3706293706293706,0.3706293706293706,0.4846709596533418,0.2867132867132867,0.45454545454545453,0.312280701754386,0.312280701754386,0.4642388042892973,0.256140350877193,0.3649122807017544,0.19457013574660634,0.19457013574660634,0.3963179978089352,0.1583710407239819,0.23076923076923078,0.1809872029250457,0.1809872029250457,0.38535998799662047,0.1480804387568556,0.21023765996343693
eclipse-3.0(2.1).csv,0.39766081871345027,0.39766081871345027,0.4898923530163128,0.35282651072124754,0.43664717348927873,0.5447470817120622,0.5447470817120622,0.4989653692278813,0.4785992217898833,0.5992217898832685,0.40152963671128106,0.40152963671128106,0.4906770213226642,0.35924430546235986,0.4416826003824092,0.32929782082324455,0.32929782082324455,0.4702429968045566,0.2972908826480383,0.36077481840193704,0.28289473684210525,0.28289473684210525,0.45061751736091843,0.25506456541246425,0.3092105263157895
"eclipse-3.0(2.1,2.0).csv",0.3567921440261866,0.3567921440261866,0.4794452268794912,0.3158756137479542,0.3911620294599018,0.5555555555555556,0.5555555555555556,0.4978267515886163,0.4962962962962963,0.6111111111111112,0.35940409683426444,0.35940409683426444,0.4802731835154657,0.3165735567970205,0.39664804469273746,0.29537767756482525,0.29537767756482525,0.45646973014101,0.2638105975197294,0.3258173618940248,0.19152854511970535,0.19152854511970535,0.39368525009574656,0.1685082872928177,0.2154696132596685
