Dataset,c,20%SLOC,10%,20%,30%
Metrics-Repo-2010,0.3,0.225,0.25,0.325,0.3
JIRA-HA-2019,0.65625,0.625,0.65625,0.625,0.625
JIRA-RA-2019,0.65625,0.21875,0.375,0.5,0.46875
MA-SZZ-2020,0.375,0.2916666666666667,0.3541666666666667,0.375,0.3958333333333333
