fileName,accuracy,precision,recall,F1,AUC,ER,RI,AP,RR,Popt,ACC,IL/Ins
eclipse-3.0(2.1).csv,0.862072252406825,0.55591054313099,0.117408906882591,0.19387186629526496,0.7417670049249001,0.745887279408623,2.93526147637464,0.347592532931443,1,0.4197029136171711,0.124156545209177,0.02307887395384225
"eclipse-3.0(2.1,2.0).csv",0.8655037651320179,0.575371549893843,0.182860998650472,0.277521761392729,0.794888647115368,0.754482228837158,3.07302491898536,0.4193630807546479,1,0.4482494495883089,0.116059379217274,0.020324368712789982
eclipse-2.1(2.0).csv,0.8673416407061272,0.32631578947368395,0.27433628318584097,0.298076923076923,0.757575688304506,0.6853540682678461,2.17817552731386,0.28084597416213103,1,0.465398920512197,0.149178255372946,0.017095287646796492
