fileName,(c)TP_difference_percent,(c)mean,(c)sd,(c)LL,(c)UL,(20%SLOC)TP_difference_percent,(20%SLOC)mean,(20%SLOC)sd,(20%SLOC)LL,(20%SLOC)UL,(10%)TP_difference_percent,(10%)mean,(10%)sd,(10%)LL,(10%)UL,(20%)TP_difference_percent,(20%)mean,(20%)sd,(20%)LL,(20%)UL,(30%)TP_difference_percent,(30%)mean,(30%)sd,(30%)LL,(30%)UL,IL/Ins
eclipse-3.0(2.1).csv,0.3977485928705441,0.3977485928705441,0.4898927654477598,0.3545966228893058,0.4371482176360225,0.5127272727272727,0.5127272727272727,0.5007492726979225,0.4472727272727273,0.5636363636363636,0.38649155722326456,0.38649155722326456,0.4874028517275977,0.3433395872420263,0.42589118198874293,0.29901960784313725,0.29901960784313725,0.4581092318723966,0.2659313725490196,0.32965686274509803,0.24495677233429394,0.24495677233429394,0.4302682784017467,0.2170989433237272,0.2718539865513929,0.02307887395384225
"eclipse-3.0(2.1,2.0).csv",0.3309982486865149,0.3309982486865149,0.4709850278810948,0.29167472215391466,0.3695271453590193,0.5179282868525896,0.5179282868525896,0.5006768327341035,0.45019920318725104,0.5737051792828686,0.3555133079847909,0.3555133079847909,0.4791242236908109,0.3098859315589353,0.3954372623574144,0.2831962397179789,0.2831962397179789,0.4508158698443198,0.2514688601645124,0.3125734430082256,0.2079021636876764,0.2079021636876764,0.4059974370066323,0.18344308560677328,0.23142050799623706,0.020324368712789982
eclipse-2.1(2.0).csv,0.2691292875989446,0.2691292875989446,0.4440935499690289,0.22427440633245385,0.3139841688654353,0.323943661971831,0.323943661971831,0.4696353765150557,0.24647887323943665,0.4014084507042254,0.291970802919708,0.291970802919708,0.4555009148108181,0.2385287967982375,0.3467153284671533,0.21788990825688076,0.21788990825688076,0.4132864045910072,0.17889908256880735,0.2568807339449541,0.16635514018691588,0.16635514018691588,0.3727476491795051,0.13457943925233645,0.194392523364486,0.017095287646796492
