fileName,(c)TP_difference_percent,(c)mean,(c)sd,(c)LL,(c)UL,(20%SLOC)TP_difference_percent,(20%SLOC)mean,(20%SLOC)sd,(20%SLOC)LL,(20%SLOC)UL,(10%)TP_difference_percent,(10%)mean,(10%)sd,(10%)LL,(10%)UL,(20%)TP_difference_percent,(20%)mean,(20%)sd,(20%)LL,(20%)UL,(30%)TP_difference_percent,(30%)mean,(30%)sd,(30%)LL,(30%)UL
eclipse-2.1(2.0).csv,0.2793733681462141,0.2793733681462141,0.449278215814119,0.23237597911227154,0.32114882506527415,0.352112676056338,0.352112676056338,0.47931959900906035,0.2746478873239437,0.4295774647887324,0.25622775800711745,0.25622775800711745,0.43732793115647023,0.20640569395017794,0.3096085409252669,0.21700223713646533,0.21700223713646533,0.41266600952948984,0.1767337807606264,0.25279642058165547,0.15055762081784388,0.15055762081784388,0.35794996871085466,0.11895910780669144,0.18029739776951673
eclipse-3.0(2.1).csv,0.39768339768339767,0.39768339768339767,0.48989246062104935,0.35135135135135137,0.43822393822393824,0.52,0.52,0.5005106881027711,0.4581818181818182,0.5709090909090909,0.3930635838150289,0.3930635838150289,0.48890198641440386,0.348747591522158,0.43545279383429675,0.31013431013431014,0.31013431013431014,0.462831042201986,0.27594627594627597,0.3418803418803419,0.29767441860465116,0.29767441860465116,0.4574483781425844,0.26976744186046514,0.32465116279069767
"eclipse-3.0(2.1,2.0).csv",0.3582608695652174,0.3582608695652174,0.47990682325448464,0.3165217391304348,0.3947826086956522,0.532258064516129,0.532258064516129,0.4999673490710463,0.4637096774193548,0.592741935483871,0.3502824858757062,0.3502824858757062,0.47750818945287576,0.3088512241054614,0.391713747645951,0.2880184331797235,0.2880184331797235,0.45310080164723493,0.25784509714291415,0.31682027649769584,0.21508379888268156,0.21508379888268156,0.4110718860339541,0.18994413407821228,0.23743016759776536
