fileName,(c)TP_difference_percent,(c)mean,(c)sd,(c)LL,(c)UL,(20%SLOC)TP_difference_percent,(20%SLOC)mean,(20%SLOC)sd,(20%SLOC)LL,(20%SLOC)UL,(10%)TP_difference_percent,(10%)mean,(10%)sd,(10%)LL,(10%)UL,(20%)TP_difference_percent,(20%)mean,(20%)sd,(20%)LL,(20%)UL,(30%)TP_difference_percent,(30%)mean,(30%)sd,(30%)LL,(30%)UL,IL/Ins
eclipse-3.0(2.1).csv,0.1945080091533181,0.1945080091533181,0.3962751431028837,0.15789473684210525,0.2288329519450801,0.2672811059907834,0.2672811059907834,0.4435635150797259,0.20791595730622384,0.3271889400921659,0.2047930283224401,0.2047930283224401,0.4039906159403749,0.16993464052287582,0.24183006535947715,0.23037974683544304,0.23037974683544304,0.4213426635731983,0.20126582278481006,0.25949367088607594,0.22517207472959685,0.22517207472959685,0.4179011049879151,0.19960668633235004,0.2497541789577188,0.02307887395384225
"eclipse-3.0(2.1,2.0).csv",0.2383612662942272,0.2383612662942272,0.4264784598380746,0.19925512104283052,0.2728060438206955,0.3023255813953488,0.3023255813953488,0.4603373265867936,0.2418604651162791,0.3627906976744186,0.24096385542168675,0.24096385542168675,0.42809845176691136,0.20281124497991967,0.27710843373493976,0.17769607843137256,0.17769607843137256,0.38249113807842505,0.14950980392156862,0.2034313725490196,0.15148609779482264,0.15148609779482264,0.3586940437657569,0.12943432406519656,0.1725790987535954,0.020324368712789982
eclipse-2.1(2.0).csv,0.14681440443213298,0.14681440443213298,0.35441201919163445,0.110803324099723,0.185595567867036,0.3076923076923077,0.3076923076923077,0.4633239167994182,0.2230769230769231,0.38461538461538464,0.22794117647058826,0.22794117647058826,0.4202777462356277,0.17647058823529413,0.2757352941176471,0.14726840855106887,0.14726840855106887,0.3547949061138929,0.11401425178147268,0.1825587777165749,0.11324376199616125,0.11324376199616125,0.3171950929700547,0.08637236084452975,0.1401151631477927,0.017095287646796492
