fileName,accuracy,precision,recall,F1,AUC,ER,RI,AP,RR,Popt,ACC
eclipse-2.1(2.0).csv,0.745846313603323,0.221745350500715,0.5878634639696589,0.32202216066482,0.7299238156440631,0.53697367098784,1.1597043998198602,0.23721249570864897,1.0,0.385031175864999,0.146649810366625
eclipse-3.0(2.1).csv,0.748927652273377,0.30527383367140004,0.609311740890688,0.40675675675675704,0.7643844010240771,0.537254998826711,1.16101740151596,0.31341962370775,0.5,0.38510908592985205,0.14979757085020198
"eclipse-3.0(2.1,2.0).csv",0.754170241159089,0.311576777739608,0.612010796221322,0.4129296608240379,0.7694295508060691,0.5466159527508061,1.2056356108409099,0.31804157328411103,0.5,0.392469411667844,0.156545209176788
