fileName,(c)TP_difference_percent,(c)mean,(c)sd,(c)LL,(c)UL,(20%SLOC)TP_difference_percent,(20%SLOC)mean,(20%SLOC)sd,(20%SLOC)LL,(20%SLOC)UL,(10%)TP_difference_percent,(10%)mean,(10%)sd,(10%)LL,(10%)UL,(20%)TP_difference_percent,(20%)mean,(20%)sd,(20%)LL,(20%)UL,(30%)TP_difference_percent,(30%)mean,(30%)sd,(30%)LL,(30%)UL
eclipse-2.1(2.0).csv,0.39473684210526316,0.39473684210526316,0.4953553834402849,0.21052631578947367,0.5263157894736842,0.11570247933884298,0.11570247933884298,0.32119782701185107,0.05785123966942149,0.17355371900826447,0.21052631578947367,0.21052631578947367,0.40887976538182924,0.14863891431210324,0.26900584795321636,0.5141955835962145,0.5141955835962145,0.5005886404448856,0.45741324921135645,0.5646687697160884,0.5398009950248757,0.5398009950248757,0.49903443946242937,0.48756218905472637,0.582089552238806
eclipse-3.0(2.1).csv,0.5107913669064749,0.5107913669064749,0.5016914357815208,0.4172661870503597,0.5827338129496403,0.4258373205741627,0.4258373205741627,0.4956565113607655,0.35406698564593303,0.4880382775119617,0.3056092843326886,0.3056092843326886,0.4611111728337145,0.26499032882011603,0.343019527421128,0.23308270676691728,0.23308270676691728,0.42305962179124923,0.20135206353244361,0.2606516290726817,0.2438095238095238,0.2438095238095238,0.4295837454794295,0.2180952380952381,0.26857142857142857
"eclipse-3.0(2.1,2.0).csv",0.10179640718562874,0.10179640718562874,0.30328980412835954,0.05389221556886228,0.1497005988023952,0.09941520467836257,0.09941520467836257,0.3000974500594161,0.05263157894736842,0.14035087719298245,0.059574468085106386,0.059574468085106386,0.23694895626593507,0.03829787234042553,0.08085106382978724,0.06314432989690721,0.06314432989690721,0.24337924166007718,0.04768041237113402,0.08118556701030928,0.07452165156092648,0.07452165156092648,0.26275026047470945,0.05840886203423968,0.09164149043303121
