Dataset,c,20%SLOC,10%,20%,30%
Metrics-Repo-2010,0.175,0.125,0.225,0.225,0.3
JIRA-HA-2019,0.28125,0.71875,0.25,0.0625,0.125
JIRA-RA-2019,0.5,0.78125,0.375,0.1875,0.09375
MA-SZZ-2020,0.25,0.125,0.08333333333333333,0.14583333333333334,0.22916666666666666
