Dataset,c,20%SLOC,10%,20%,30%
ECLIPSE-2007,0.6666666666666666,0.3333333333333333,1.0,0.6666666666666666,0.6666666666666666
Metrics-Repo-2010,0.5789473684210527,0.45614035087719296,0.49122807017543857,0.631578947368421,0.6140350877192983
JIRA-HA-2019,0.5128205128205128,0.5897435897435898,0.717948717948718,0.717948717948718,0.6153846153846154
JIRA-RA-2019,0.6190476190476191,0.6190476190476191,0.6428571428571429,0.5952380952380952,0.6190476190476191
MA-SZZ-2020,0.3951219512195122,0.4097560975609756,0.4634146341463415,0.5560975609756098,0.4146341463414634
