Dataset,c,20%SLOC,10%,20%,30%
Metrics-Repo-2010,0.35,0.15,0.2,0.3,0.325
JIRA-HA-2019,0.40625,0.625,0.71875,0.71875,0.75
JIRA-RA-2019,0.34375,0.375,0.5,0.53125,0.40625
MA-SZZ-2020,0.2708333333333333,0.2916666666666667,0.2916666666666667,0.375,0.375
