Dataset,c,20%SLOC,10%,20%,30%
ECLIPSE-2007,1.0,1.0,1.0,1.0,1.0
Metrics-Repo-2010,0.8245614035087719,0.7894736842105263,0.8771929824561403,0.8947368421052632,0.8245614035087719
JIRA-HA-2019,1.0,1.0,0.9743589743589743,1.0,1.0
JIRA-RA-2019,0.9523809523809523,0.9761904761904762,1.0,0.9761904761904762,1.0
MA-SZZ-2020,0.7170731707317073,0.8292682926829268,0.9024390243902439,0.7853658536585366,0.6731707317073171
