Dataset,c,20%SLOC,10%,20%,30%
Metrics-Repo-2010,0.575,0.175,0.225,0.55,0.55
JIRA-HA-2019,0.59375,0.59375,0.65625,0.625,0.65625
JIRA-RA-2019,0.71875,0.5625,0.71875,0.59375,0.53125
MA-SZZ-2020,0.2916666666666667,0.3333333333333333,0.2916666666666667,0.4375,0.375
