fileName,(c)TP_difference_percent,(c)mean,(c)sd,(c)LL,(c)UL,(20%SLOC)TP_difference_percent,(20%SLOC)mean,(20%SLOC)sd,(20%SLOC)LL,(20%SLOC)UL,(10%)TP_difference_percent,(10%)mean,(10%)sd,(10%)LL,(10%)UL,(20%)TP_difference_percent,(20%)mean,(20%)sd,(20%)LL,(20%)UL,(30%)TP_difference_percent,(30%)mean,(30%)sd,(30%)LL,(30%)UL
eclipse-2.1(2.0).csv,0.24664879356568364,0.24664879356568364,0.4316395069463336,0.2037533512064343,0.289544235924933,0.3188405797101449,0.3188405797101449,0.4677248434113662,0.2463768115942029,0.391304347826087,0.23333333333333334,0.23333333333333334,0.42373801262776134,0.18518518518518517,0.2814814814814815,0.2171945701357466,0.2171945701357466,0.41280337230712744,0.18099547511312217,0.25339366515837103,0.1574074074074074,0.1574074074074074,0.3645221294741691,0.12777777777777777,0.18888888888888888
eclipse-3.0(2.1).csv,0.3811252268602541,0.3811252268602541,0.48610455732625835,0.33756805807622503,0.42105263157894735,0.5169811320754717,0.5169811320754717,0.5006570868189593,0.4490566037735849,0.5735849056603773,0.3719165085388994,0.3719165085388994,0.4837754804135732,0.32447817836812143,0.4079696394686907,0.291970802919708,0.291970802919708,0.4549457641903865,0.25790754257907544,0.32116788321167883,0.2598499061913696,0.2598499061913696,0.43875793104129107,0.23358348968105067,0.28424015009380865
"eclipse-3.0(2.1,2.0).csv",0.33574007220216606,0.33574007220216606,0.4726753271169273,0.2949182944202212,0.37184115523465705,0.5573122529644269,0.5573122529644269,0.4976889939016699,0.4901185770750988,0.6126482213438735,0.342911877394636,0.342911877394636,0.4751376685968954,0.30268199233716475,0.3814417887126172,0.28,0.28,0.449255677332586,0.2502857142857143,0.3062857142857143,0.18662952646239556,0.18662952646239556,0.38979484783982293,0.16341689879294335,0.20984215413184773
