fileName,accuracy,precision,recall,F1,AUC,ER,RI,AP,RR,Popt,ACC
eclipse-3.0(2.1).csv,0.824039653035936,0.371650211565585,0.35560053981106604,0.36344827586206896,0.659361331426109,0.6199008203833161,1.6308922871353302,0.31468805140338696,1,0.397702535704266,0.105937921727395
"eclipse-3.0(2.1,2.0).csv",0.818034505766848,0.356615177971793,0.3582995951417,0.357455402221474,0.65595152336043,0.603875692212911,1.5244600756424298,0.3090943605400589,1,0.409663674539084,0.114035087719298
eclipse-2.1(2.0).csv,0.744288681204569,0.19344773790951605,0.470290771175727,0.274134119380987,0.6731202119607189,0.469241994104445,0.8840978165043158,0.238206865364822,1,0.3808092246377871,0.128950695322377
