fileName,accuracy,precision,recall,F1,AUC,ER,RI,AP,RR,Popt,ACC,IL/Ins
eclipse-3.0(2.1).csv,0.8203221809169771,0.35859649122807,0.34480431848852905,0.3515651874785,0.664322145091376,0.606064353734568,1.53848568790397,0.304756448330539,1.0,0.403274978695798,0.119433198380567,0.02307887395384225
"eclipse-3.0(2.1,2.0).csv",0.81812982556477,0.355102040816327,0.3522267206477729,0.3536585365853661,0.658204780674416,0.60218775370679,1.51374865735768,0.307560849140774,1.0,0.411622058716192,0.118758434547908,0.020324368712789982
eclipse-2.1(2.0).csv,0.751298026998962,0.20379146919431304,0.489254108723135,0.287732342007435,0.6859704585600009,0.496181385689101,0.984841313113762,0.253552179753895,0.5,0.374152332479959,0.111251580278129,0.017095287646796492
