fileName,accuracy,precision,recall,F1,AUC,ER,RI,AP,RR,Popt,ACC
eclipse-2.1(2.0).csv,0.872533748701973,0.35464231354642295,0.29456384323641,0.32182320441989,0.742803322419897,0.7104859411977059,2.45406369603242,0.297039948025438,1.0,0.378080116734418,0.123893805309735
eclipse-3.0(2.1).csv,0.845677247164236,0.443528441879637,0.36302294197031,0.399257884972171,0.7756070964572992,0.6814997028786222,2.1397144964637502,0.39674870698757997,1.0,0.369133832040836,0.10053981106612699
"eclipse-3.0(2.1,2.0).csv",0.8553998665522831,0.48079034028540096,0.295546558704453,0.3660676974508979,0.781353374470783,0.706183904533958,2.4034895141256003,0.399264104986323,0.5,0.363756908056868,0.0958164642375169
