Dataset,c,20%SLOC,10%,20%,30%
ECLIPSE-2007,1.0,1.0,1.0,1.0,1.0
Metrics-Repo-2010,0.49122807017543857,0.5087719298245614,0.5087719298245614,0.6140350877192983,0.6491228070175439
JIRA-HA-2019,0.6410256410256411,0.6923076923076923,0.7948717948717948,0.717948717948718,0.6666666666666666
JIRA-RA-2019,0.6904761904761905,0.7142857142857143,0.7857142857142857,0.6904761904761905,0.6428571428571429
MA-SZZ-2020,0.15609756097560976,0.5951219512195122,0.4585365853658537,0.22926829268292684,0.06829268292682927
